geo,date,tv_grps,tv_spend,radio_impressions,radio_spend,facebook_impressions,facebook_spend,instagram_impressions,instagram_spend,youtube_impressions,youtube_spend,search_clicks,search_spend,display_impressions,display_spend,ooh_spend,email_spend,conversions,seasonality,discount,cpi,unemployment,holiday,competitor_sales_control,sentiment_score_control,BrandedGQV_control,GenericGQV_control,Promo,Organic_channel0_impression,sales
California,2024-01-01,0,0,0,0,666223,6168,0,0,0,0,1840,6083,0,0,0,0,400455,0.9649,0.022,100.6779,4.1968,0,144860,62.5842,105021,188829,0.0301,91602,26867034
California,2024-01-08,0,0,0,0,719252,6152,0,0,0,0,2162,5959,0,0,0,0,424683,0.9676,0.0256,100.5804,4.3003,0,146541,62.8164,102576,183593,0.0323,91819,28356275
California,2024-01-15,0,0,0,0,978876,7080,0,0,0,0,2418,5938,653984,3712,0,0,438805,0.9693,0.0163,100.7431,4.138,0,142193,61.7742,109032,196877,0.031,94687,29401823
California,2024-01-22,0,0,0,0,931117,7249,819807,7180,0,0,2318,5742,1117036,5462,0,0,482049,0.9701,0.0268,100.7888,4.1833,0,146525,64.0932,111511,203393,0.0312,93333,32576917
California,2024-01-29,668,10912,0,0,1172201,7514,892626,6257,0,0,2261,5200,1260856,5688,0,0,563215,0.9702,0.021,100.5916,4.0593,0,148860,64.8991,103235,208586,0.0373,85373,37904270
California,2024-02-05,1054,14092,0,0,990024,7513,987130,6082,0,0,1965,4917,1165918,4674,0,0,566230,0.9699,0.0208,100.6909,4.1252,0,144977,62.9635,105805,197205,0.0383,90799,37910113
California,2024-02-12,1110,14454,0,0,1209460,8572,1051219,6597,0,0,2114,5119,966550,3954,0,0,564056,0.9696,0.0016,100.8617,4.0302,0,147414,63.4059,104606,193451,0.0246,86506,37945789
California,2024-02-19,1352,14684,80189,5073,1206649,9304,1022862,6022,0,0,1929,4508,915500,3692,0,0,564008,0.9701,0.022,100.7585,4.0558,0,142708,64.6206,101954,192376,0.0418,87002,37658222
California,2024-02-26,1228,14237,117393,5850,1288550,8477,1155633,8292,0,0,2059,4668,870856,3521,0,0,604149,0.9722,0.0188,100.7222,4.0242,0,146889,65.0852,103585,197112,0.0471,86691,40742588
California,2024-03-04,1178,13083,108509,4912,1343827,9590,1050081,6534,0,0,2193,5317,753097,3265,0,0,628090,0.9772,0.0243,100.8552,3.977,0,146790,64.5185,105770,198605,0.0606,85706,42266261
California,2024-03-11,1061,9999,126617,4695,1276060,8934,917007,6030,0,0,2842,6610,205587,0,0,0,605413,0.9863,0.0428,100.6557,3.9842,0,137884,64.1465,106848,185243,0.0979,80942,40357907
California,2024-03-18,312,0,94330,3983,1354186,8828,724835,4648,0,0,2987,6143,59910,0,0,2242,616428,1,0.0521,100.8758,4.0291,0,147367,64.7464,104959,186384,0.1284,84235,41217936
California,2024-03-25,94,0,96062,3855,1096080,7795,660811,4473,0,0,2631,5837,0,0,6120,1921,659902,1.0168,0.0783,100.7293,3.9277,0,147383,64.6406,106386,190576,0.1446,85701,44063952
California,2024-04-01,0,0,101072,4775,1154776,8420,778504,4620,0,0,2869,5833,0,0,5644,2126,678544,1.0335,0.0553,100.7719,4.0142,0,144839,65.3214,111393,187723,0.1294,84350,45424887
California,2024-04-08,0,0,120957,5275,965780,6817,711430,4609,0,0,2705,5629,0,0,5604,0,706933,1.0466,0.0405,100.4473,3.9406,0,142833,65.3466,108647,177068,0.0887,84534,46601093
California,2024-04-15,0,0,125328,6059,1002611,6864,212791,0,0,0,2890,5901,0,0,5220,0,645909,1.0546,0.0278,100.6544,4.0268,0,138149,65.9961,112266,186263,0.0606,90299,43115727
California,2024-04-22,0,0,164730,8125,907552,6822,72201,0,808582,9694,2612,5203,0,0,4920,0,661705,1.0591,0.0198,100.3667,4.0114,0,136182,64.4621,109222,186719,0.0366,89795,43481704
California,2024-04-29,0,0,172147,7572,828200,5772,0,0,870068,9128,2156,4331,0,0,4228,0,690296,1.0633,0.0158,100.3444,3.9261,0,137322,64.1132,108621,193017,0.0434,92695,45635464
California,2024-05-06,0,0,57923,0,776442,4854,0,0,1032998,9105,2103,4218,0,0,4051,0,659348,1.0706,0.0112,100.6791,3.9811,0,132213,64.3969,116892,194532,0.0193,96678,43516047
California,2024-05-13,0,0,20133,0,643143,4907,0,0,1052886,8779,1823,3623,0,0,4699,0,648716,1.0823,0.0084,100.5449,3.9792,0,133413,63.4658,112361,197765,0.026,98490,42351513
California,2024-05-20,0,0,0,0,732133,4916,0,0,1046784,9014,1841,4183,0,0,4272,0,630076,1.098,0.0283,100.068,3.9159,0,133015,63.9674,112968,221093,0.0394,94256,41742597
California,2024-05-27,0,0,0,0,609404,4541,0,0,1056089,9067,1993,4278,0,0,3775,0,654044,1.1159,0.0123,99.8974,3.9654,0,139193,63.8972,118777,209366,0.0292,95572,42794668
California,2024-06-03,566,9124,0,0,185301,0,0,0,1117366,10029,2045,4927,0,0,3768,0,670678,1.134,0.0116,100.4141,3.9907,0,137858,62.6566,120195,200063,0.0258,105405,43891265
California,2024-06-10,841,11611,0,0,62907,0,0,0,1151230,10337,1885,4411,0,0,3829,0,679770,1.1503,0.0169,100.3177,3.9905,0,138655,64.3429,119787,212754,0.0235,100595,44415052
California,2024-06-17,1110,12882,0,0,0,0,0,0,981540,9207,2048,4525,0,0,3704,0,687789,1.1628,0.0136,100.4416,3.9921,0,133523,64.2246,121638,212650,0.0301,102736,44554578
California,2024-06-24,1129,13419,0,0,0,0,0,0,330575,0,1774,4488,0,0,3934,0,712396,1.1698,0.0131,100.3161,4.0358,0,132418,63.0549,121757,207728,0.0434,104224,46437008
California,2024-07-01,1230,14141,0,0,0,0,0,0,109519,0,1873,4206,0,0,0,0,668936,1.1701,0.0244,99.9967,4.0145,1,125790,60.7813,125778,197173,0.0508,104835,43453691
California,2024-07-08,1379,14345,0,0,0,0,0,0,0,0,2021,4949,0,0,0,1829,689779,1.1634,0.031,100.0405,4.1433,1,126236,62.2688,125865,207753,0.0762,112093,44804635
California,2024-07-15,1282,13214,0,0,0,0,0,0,0,0,1953,4436,0,0,0,1802,695162,1.1501,0.0537,100.1472,4.1278,0,126146,63.3895,123106,211601,0.0897,106516,45189669
California,2024-07-22,994,10262,0,0,0,0,0,0,0,0,1487,3681,0,0,0,2338,678293,1.1314,0.0294,99.9286,4.2129,0,126572,62.7145,115508,206147,0.0668,108463,43956066
California,2024-07-29,350,0,0,0,959803,8171,0,0,0,0,1257,3011,412822,2548,0,0,699652,1.109,0.0103,99.67,4.1841,0,128536,62.1061,114509,196552,0.0468,106529,45385386
California,2024-08-05,91,0,0,0,960808,7649,0,0,0,0,1176,2863,473617,2088,0,0,630541,1.0848,0.0079,100.0774,4.1748,0,133003,62.4738,110478,195595,0.0325,103924,40700855
California,2024-08-12,0,0,0,0,1103444,7596,0,0,0,0,1049,2472,488507,1988,0,0,602429,1.0602,0.0116,99.9297,4.2959,0,129614,60.6287,106950,196985,0.0176,104766,39014231
California,2024-08-19,0,0,0,0,1329619,9515,0,0,0,0,1085,2531,466506,2194,0,0,568516,1.0364,0.0038,100.1086,4.1898,0,128551,62.6442,109053,192994,0.0088,103886,36965036
California,2024-08-26,0,0,0,0,1473078,9145,0,0,0,0,1236,2690,538303,2380,0,0,564881,1.0143,0,100.2284,4.2773,0,125418,60.6682,107950,177513,0.0111,102106,36426622
California,2024-09-02,0,0,0,0,1188503,9333,694713,6317,0,0,1190,2833,530045,2320,0,0,576434,0.9943,0.0117,100.169,4.2002,0,125388,61.607,107461,188380,0.0106,99533,37080616
California,2024-09-09,0,0,0,0,1361337,9314,1000637,7234,0,0,1353,3046,554319,2421,0,0,570484,0.9767,0.0145,100.2479,4.288,0,125334,61.0949,100650,180693,0.0235,98146,37285971
California,2024-09-16,0,0,0,0,1137288,8377,878720,5901,0,0,1524,3396,684436,3094,0,0,552158,0.9617,0.0106,100.4146,4.3679,0,123469,60.979,101686,175767,0.0178,95770,36206973
California,2024-09-23,0,0,95799,5772,1327979,9189,838962,5237,0,0,1552,3522,678882,3292,0,0,552360,0.9497,0,100.3738,4.367,0,128327,60.1694,104612,168307,0.0103,91966,36280204
California,2024-09-30,0,0,142624,6844,1495806,9637,769862,5064,0,0,1898,3807,871615,3885,0,0,563062,0.9414,0.0054,100.4211,4.3248,0,125411,62.5357,102531,175136,0.0148,88680,37022261
California,2024-10-07,0,0,172888,7050,1501252,9815,851111,5236,0,0,1996,4483,256056,0,0,0,587020,0.9383,0.0135,100.913,4.4522,0,123043,59.8445,100922,182739,0.0163,90724,37863592
California,2024-10-14,0,0,130700,5420,1282111,8544,629533,4099,0,0,2031,4531,84925,0,0,0,550008,0.9426,0.0087,100.4613,4.2783,0,126725,60.679,104696,187270,0.0118,92497,35950843
California,2024-10-21,0,0,102712,4416,1188708,7841,721408,4254,830732,11132,2096,4225,0,0,0,0,565359,0.9566,0,101.1294,4.3143,0,128501,60.8032,107046,197956,0.0175,88724,37045826
California,2024-10-28,0,0,95084,3755,1084536,6994,593744,3826,1097029,11763,2027,4290,0,0,0,0,571533,0.9817,0.0089,101.1671,4.441,0,122523,61.7651,103665,194482,0.026,86537,37716459
California,2024-11-04,0,0,102012,4106,1057680,7406,590527,4070,1184001,9986,1950,3724,0,0,0,0,606311,1.016,0.041,100.9175,4.4141,0,129256,61.4958,106606,183471,0.0429,87838,40206742
California,2024-11-11,755,12543,106103,4158,938971,6349,645398,4426,949712,8190,1874,3884,0,0,0,0,655154,1.0533,0.0706,101.4775,4.3451,0,130798,61.0048,109575,186782,0.0888,91384,43711620
California,2024-11-18,982,12212,93181,4307,1054035,7589,601547,3738,907883,8465,1987,4036,0,0,0,0,712356,1.0842,0.0791,101.2471,4.3408,0,132304,61.5347,115011,189047,0.1387,88979,46973173
California,2024-11-25,1190,14227,123827,5606,970519,6479,169778,0,815787,7026,2030,4671,0,0,0,0,733009,1.0996,0.0893,101.0826,4.2624,1,138508,60.4225,118009,192139,0.1518,87333,48739554
California,2024-12-02,1232,13590,142026,6091,950169,6702,58318,0,779004,7567,2345,5325,0,0,0,1783,718566,1.0955,0.079,101.393,4.3057,1,139244,61.3704,115720,195315,0.1422,85080,48283694
California,2024-12-09,1319,13186,44170,0,1073616,5977,0,0,782313,6760,2516,5502,0,0,0,1741,719836,1.0752,0.0684,101.3412,4.3637,1,142536,61.6482,110400,190338,0.0982,84246,48287432
California,2024-12-16,1263,14699,14041,0,855796,5426,0,0,682162,5419,2460,6169,0,0,0,1885,682554,1.0467,0.0415,101.3482,4.1783,1,141923,61.2843,109868,180082,0.0534,88183,45696726
California,2024-12-23,1093,12034,0,0,771063,5822,0,0,210741,0,2765,6483,0,0,0,0,633202,1.0188,0.0429,101.5384,4.2887,1,139478,64.2818,110463,172984,0.0444,86863,42445842
California,2024-12-30,967,10563,0,0,803316,5615,0,0,64352,0,2838,6640,0,0,0,0,553153,0.9974,0.0371,101.9201,4.197,1,144827,63.7245,107601,170957,0.0283,83184,37080534
California,2025-01-06,315,0,0,0,876212,5467,0,0,0,0,3158,6773,0,0,4360,0,552405,0.9837,0.0317,101.7371,4.1982,0,143623,63.528,108595,180065,0.0456,83792,36928887
California,2025-01-13,89,0,0,0,788077,5253,0,0,0,0,2774,7185,0,0,4737,0,538215,0.9763,0.0053,101.9435,4.1619,0,141173,62.5799,107592,182245,0.026,87097,36037071
California,2025-01-20,0,0,0,0,882777,6706,0,0,0,0,2781,6699,0,0,4529,0,544991,0.9728,0.0142,101.5538,4.155,0,150204,64.409,107290,176666,0.0261,84650,36444491
California,2025-01-27,0,0,0,0,235349,0,0,0,0,0,2759,6415,0,0,4856,0,532635,0.9711,0.0162,101.9835,4.0805,0,147364,63.3305,101793,182140,0.0279,84841,35775759
California,2025-02-03,0,0,0,0,94064,0,0,0,0,0,2394,5848,536885,3380,4517,0,527803,0.9701,0.0159,102.0274,3.9693,0,143757,65.3022,99709,191516,0.0326,87893,35642171
California,2025-02-10,0,0,0,0,0,0,0,0,0,0,2104,5078,666379,3650,4696,0,545626,0.9694,0.0068,101.8569,4.0736,0,147229,65.2362,112436,181354,0.0293,90940,36668723
California,2025-02-17,0,0,0,0,0,0,0,0,0,0,2079,4889,991594,4595,4854,0,546269,0.9692,0.0282,102.058,4.0676,0,150616,63.787,114379,182764,0.0377,91243,36671544
California,2025-02-24,0,0,0,0,0,0,0,0,0,0,2194,4967,1016939,4110,4725,0,541306,0.9696,0.0092,102.3101,3.9457,0,148884,65.8507,109442,174034,0.0487,93135,36050213
California,2025-03-03,0,0,0,0,0,0,0,0,591297,7434,2253,5056,850904,3563,4841,0,535142,0.9711,0.0294,102.1161,3.9817,0,150927,64.5275,101900,176039,0.0616,91361,35874811
California,2025-03-10,0,0,0,0,0,0,0,0,805204,8610,2140,5390,861501,3819,4738,0,561447,0.9738,0.0377,102.188,4.0545,0,146953,65.0962,104478,189007,0.0775,83296,37602077
California,2025-03-17,0,0,0,0,1047960,9682,0,0,988367,9592,2408,5837,808230,3213,4215,0,589255,0.978,0.0468,102.2352,3.9644,0,143037,65.2864,106280,183207,0.1081,87063,39333614
California,2025-03-24,0,0,0,0,1235214,8322,0,0,938291,8449,2504,5687,775085,3436,0,0,607828,0.984,0.0539,102.1272,4.022,0,142285,64.5704,100333,187346,0.1184,92180,40289568
California,2025-03-31,0,0,0,0,1116647,7919,0,0,1111720,10584,2868,6018,787674,3291,0,0,602295,0.9916,0.0625,101.7438,3.9892,0,143227,65.9158,103758,189478,0.1117,95456,40118349
California,2025-04-07,0,0,0,0,1293871,9603,0,0,1135694,9007,2602,5500,678510,2645,0,0,589259,1.0009,0.0341,101.7487,3.9477,0,138129,64.6423,105818,200189,0.0828,101337,38947432
California,2025-04-14,0,0,0,0,1694776,10916,0,0,963987,8482,2398,4533,196145,0,0,0,598209,1.0116,0.0137,101.718,4.0169,0,136305,65.8556,102268,191852,0.0588,102458,39536960
California,2025-04-21,687,11053,0,0,1527238,10741,0,0,307672,0,2301,4719,54914,0,0,0,616530,1.0235,0.0115,101.7585,3.9632,0,132878,64.9983,102392,197726,0.0395,96350,40575737
California,2025-04-28,1006,11952,0,0,1402708,10565,414965,3835,103307,0,2185,4187,0,0,0,0,632720,1.0363,0.0113,102.0138,4.0233,0,133876,64.5675,110178,190908,0.0345,92478,41776112
California,2025-05-05,1134,14098,0,0,1763922,10888,543570,3799,0,0,2020,4439,0,0,0,0,665430,1.0493,0.0143,101.5795,3.9968,0,137634,63.7383,106181,196122,0.0302,101535,43616723
California,2025-05-12,1474,15775,0,0,1505538,9809,577452,3899,0,0,2068,4261,0,0,0,0,679928,1.0622,0.0081,101.6199,3.9926,0,134631,64.9238,107467,190549,0.0358,101690,44541665
California,2025-05-19,1291,15054,0,0,1328083,9252,581028,3661,0,0,1957,3889,0,0,0,2537,670843,1.0743,0.0196,101.6065,3.953,0,136265,64.6853,107878,189253,0.0382,107384,44241199
California,2025-05-26,1391,14991,0,0,1335400,9099,567942,3424,0,0,1718,3782,0,0,0,2462,718278,1.0852,0.005,101.6889,3.9289,0,135290,65.0127,109075,186930,0.0307,111535,47348671
California,2025-06-02,1128,11996,0,0,1333359,8553,555407,3560,0,0,1708,3752,0,0,0,2030,730284,1.0943,0.0122,101.7646,4.0348,0,134416,65.5786,109325,181120,0.0311,105199,47908325
California,2025-06-09,1097,11526,0,0,1163974,7042,569176,3599,0,0,1724,3898,0,0,0,0,710015,1.1012,0.0111,101.6225,4.0024,0,130914,64.7362,109491,186689,0.0185,103970,46345768
California,2025-06-16,345,0,0,0,1008582,6561,659898,4347,0,0,1798,3967,0,0,0,0,695884,1.1054,0.0014,101.2584,4.0894,0,135456,63.2564,108927,193153,0.0143,101467,44735656
California,2025-06-23,107,0,0,0,1035379,7246,724922,4952,0,0,1717,4219,0,0,0,0,662096,1.1068,0.017,101.1556,4.0719,0,135677,63.7671,107495,192960,0.0295,103569,43162069
California,2025-06-30,0,0,72064,4116,1148754,7673,870979,6206,0,0,1692,4044,0,0,0,0,691420,1.1051,0.0168,101.3652,4.0043,0,125323,63.8941,109664,205691,0.0287,102743,44569598
California,2025-07-07,0,0,94285,4506,320935,0,1060433,6430,0,0,1586,3595,0,0,0,0,671046,1.1004,0.0085,101.1798,4.1345,1,122188,63.3728,113064,206868,0.0386,106287,43254334
California,2025-07-14,0,0,102421,4447,108119,0,312145,0,0,0,1515,3572,0,0,0,0,675519,1.0927,0.0328,101.2027,4.1162,0,123427,61.0993,111119,201740,0.0719,97801,43351336
California,2025-07-21,0,0,88434,3896,0,0,103222,0,0,0,1374,3234,0,0,0,0,603564,1.0823,0.0295,101.4986,4.177,0,119844,61.4557,110315,195825,0.0896,94950,38965523
California,2025-07-28,0,0,104878,5010,0,0,0,0,0,0,1241,3031,0,0,0,0,580986,1.0696,0.0513,101.2011,4.2196,0,125922,60.9737,109764,186983,0.1074,99967,37766061
California,2025-08-04,0,0,110245,5328,0,0,0,0,974309,11150,1047,2550,0,0,0,0,610467,1.055,0.0418,101.5012,4.2427,0,130612,61.9959,109975,193865,0.0839,98697,39441634
California,2025-08-11,0,0,153165,6574,0,0,0,0,1016845,10709,1024,2469,0,0,0,0,605750,1.0391,0.0264,101.3592,4.1774,0,128692,62.7565,108869,193682,0.0643,95023,38916629
California,2025-08-18,0,0,175808,7754,0,0,0,0,1026838,9838,1048,2456,0,0,0,0,572772,1.0224,0.0223,101.2832,4.227,0,125589,60.6756,112877,189560,0.0278,94980,37219374
California,2025-08-25,0,0,179700,7608,0,0,0,0,1069633,9650,1142,2605,0,0,0,0,569943,1.0055,0.0066,101.4679,4.3093,0,119979,61.0859,106250,188130,0.0195,89102,36302164
California,2025-09-01,0,0,173648,7296,0,0,0,0,1227932,10774,1271,2844,390383,2226,0,0,569968,0.9892,0.0063,101.1957,4.275,0,123564,61.4549,106082,186117,0.0197,88521,37204664
California,2025-09-08,0,0,155509,6769,580510,5474,0,0,1185065,10318,1133,3024,368409,1474,4398,0,590310,0.9739,0.0052,101.5094,4.4282,0,122964,60.3876,105526,198784,0.015,86323,38586560
California,2025-09-15,0,0,177393,7916,675010,4981,0,0,1123839,10068,1680,3675,411652,1779,4116,0,600981,0.9603,0.0136,101.3126,4.3582,0,123795,60.6811,103549,207291,0.0054,84818,39357906
California,2025-09-22,0,0,57008,0,834070,6109,0,0,1090395,9717,1833,3923,439849,1763,4303,0,604926,0.9491,0.0118,101.4538,4.2383,0,125166,60.6959,103743,188700,0.0144,82377,39390838
California,2025-09-29,757,11210,18610,0,927344,6423,0,0,1079893,9491,2162,4720,419697,1840,4707,0,599393,0.9414,0.0103,101.7119,4.3828,0,129794,59.8658,105662,186784,0.0192,84227,39499715
California,2025-10-06,934,12276,0,0,836768,5559,0,0,935050,7176,2324,4906,519832,2361,4854,0,609872,0.9391,0.0138,101.6642,4.3237,0,130864,61.6591,108063,179168,0.017,80348,39892098
California,2025-10-13,1216,13846,0,0,869912,6307,0,0,307888,0,2058,4293,640371,2740,5784,0,597598,0.9445,0.0052,102.1223,4.3598,0,132290,61.7764,113633,174625,0.0094,77637,39340986
California,2025-10-20,1275,16550,0,0,1182204,8104,437058,4065,89570,0,1902,3643,730697,3062,5743,0,628978,0.9606,0.0048,102.3862,4.3124,0,133359,60.6981,110398,175361,0.024,83213,41802257
California,2025-10-27,1310,15910,0,0,1220334,9069,635312,4520,0,0,1674,3679,764580,3244,5696,0,665971,0.9889,0.0076,101.9735,4.3243,0,130960,60.0107,113404,181324,0.0296,84867,43823390
California,2025-11-03,1569,17412,0,0,1400840,9899,683540,4781,0,0,1963,4103,965662,4258,5598,0,706988,1.0273,0.0485,101.9212,4.3596,0,126271,61.8576,115599,182364,0.0649,87365,46486176
California,2025-11-10,1619,16217,0,0,1469981,10050,723827,4249,0,0,1855,3923,255450,0,5326,2272,741034,1.0688,0.0559,102.2729,4.382,0,129008,61.6238,121227,189014,0.103,95151,49173214
California,2025-11-17,1404,15336,0,0,1510226,10269,605769,3531,0,0,2128,4570,83886,0,5510,1998,788642,1.103,0.0847,102.2984,4.3243,0,127386,62.4475,127263,197227,0.1447,99840,52316077
California,2025-11-24,1229,12942,0,0,1331668,9309,592802,3955,0,0,2287,5189,0,0,5079,1808,823475,1.1196,0.0891,102.5421,4.3255,1,135381,61.1607,121740,201176,0.1803,105525,54546593
California,2025-12-01,1127,12456,0,0,1320941,8570,649200,4171,0,0,2105,4806,0,0,5189,1532,807884,1.1143,0.0806,102.5322,4.259,1,139365,61.535,116607,198153,0.1374,109687,53593770
California,2025-12-08,1049,11249,0,0,1228817,8484,677775,4890,0,0,2447,5373,0,0,5564,1386,758307,1.0907,0.0579,102.5911,4.2406,1,130423,61.1496,114077,204298,0.1025,103867,50353624
California,2025-12-15,338,0,0,0,1297691,8145,840507,5287,0,0,2434,6175,0,0,5361,0,715689,1.0579,0.0488,102.9216,4.1739,1,134297,62.9261,113554,205135,0.0546,108254,47995996
California,2025-12-22,100,0,0,0,1167884,8062,849360,5283,0,0,2600,6011,0,0,5298,0,634589,1.026,0.0244,102.7346,4.2208,1,129181,63.8822,109847,193114,0.0365,103915,42257001
California,2025-12-29,0,0,0,0,1158143,7294,851376,4951,0,0,2434,5799,0,0,5535,0,618504,1.0014,0.0395,103.0042,4.1772,1,134176,62.8711,110278,200298,0.027,104071,41652676
Florida,2024-01-01,0,0,0,0,628763,5566,0,0,0,0,1252,4010,0,0,0,0,279733,0.9698,0.0099,100.2689,4.1748,0,99046,63.4626,73531,130009,0.0266,65972,18775445
Florida,2024-01-08,0,0,0,0,795937,5814,0,0,0,0,1651,4004,0,0,0,0,297154,0.9694,0.0141,100.1344,4.1904,0,100364,65.1078,73347,127752,0.0321,66175,19848954
Florida,2024-01-15,0,0,0,0,835308,5656,0,0,0,0,1534,4009,0,0,0,0,296039,0.9692,0.0123,100.7173,4.169,0,94354,64.2346,72664,121145,0.0354,64394,19838647
Florida,2024-01-22,0,0,0,0,909233,5801,0,0,0,0,1535,3662,0,0,0,0,300016,0.9696,0.0029,100.7274,4.2297,0,95450,65.8481,73886,125555,0.0338,64796,20291723
Florida,2024-01-29,0,0,0,0,921308,6437,0,0,0,0,1425,3446,0,0,0,0,304643,0.9711,0.0217,100.7234,4.1251,0,94708,63.9531,77021,128093,0.039,60608,20501908
Florida,2024-02-05,0,0,0,0,990766,7123,0,0,0,0,1375,3057,459126,3042,0,0,307717,0.9738,0.0059,100.5198,4.148,0,94332,65.0545,77759,126612,0.035,59652,20612717
Florida,2024-02-12,0,0,0,0,924171,6254,690848,5913,0,0,1363,3270,610679,2814,0,0,340260,0.9781,0.0267,100.6276,4.135,0,91886,65.2388,75887,124577,0.0416,61843,22870638
Florida,2024-02-19,424,7392,0,0,1191070,7173,702415,4632,0,0,1438,3512,664183,2811,0,0,378732,0.9841,0.0189,101.1675,4.0292,0,96346,66.2851,72991,127413,0.0433,60880,25290235
Florida,2024-02-26,651,8824,0,0,908151,6255,672980,4404,0,0,1436,3259,519133,2157,0,0,399177,0.992,0.0187,100.8166,4.0511,0,94423,63.5486,74021,132397,0.0419,59622,26919779
Florida,2024-03-04,824,9952,0,0,874859,6080,642703,4149,0,0,1519,3437,483615,1755,0,0,407266,1.0022,0.0172,100.8144,4.0254,0,95285,65.3122,70554,135603,0.0343,58414,27413002
Florida,2024-03-11,875,9155,50068,3041,865303,6088,632912,4053,0,0,1597,3578,417787,1982,0,0,418093,1.0151,0.0256,100.9303,3.9531,0,94767,63.6004,76061,131776,0.035,61571,27887369
Florida,2024-03-18,846,9594,69104,3156,869498,6097,559343,3207,0,0,1801,4197,497667,1932,0,0,439995,1.0314,0.0142,100.8021,3.9683,0,94599,65.2157,76971,135809,0.0484,60776,29459197
Florida,2024-03-25,856,8427,72865,3087,900938,5905,450472,2888,0,0,1846,3915,472271,1719,0,0,451964,1.0516,0.0319,100.8684,3.9229,0,93869,66.2261,76357,132784,0.0759,59707,30227820
Florida,2024-04-01,707,7792,72822,2957,680314,4525,528275,3311,0,0,1789,3991,103788,0,0,0,456380,1.0748,0.0314,100.6264,4.0377,0,92401,65.3008,77215,132817,0.0793,58977,30577542
Florida,2024-04-08,246,0,90599,3743,617054,3554,528240,3427,0,0,1835,3908,39632,0,0,1352,475727,1.0983,0.0621,100.785,3.9549,0,95207,64.5498,80468,141716,0.1211,62228,31336422
Florida,2024-04-15,65,0,96786,4166,457399,2930,526479,3433,0,0,1707,3559,0,0,3207,1288,495139,1.118,0.058,100.5631,3.9411,0,94584,63.7034,82691,142907,0.1326,64967,33016713
Florida,2024-04-22,0,0,97496,4373,455945,2995,567372,3481,0,0,1613,3162,0,0,2903,1339,515600,1.1303,0.0563,100.4772,3.857,0,96699,61.6537,82263,144239,0.1137,61890,33837708
Florida,2024-04-29,0,0,130981,4951,429708,3040,486787,3206,0,0,1400,2804,0,0,2534,0,514672,1.1344,0.0419,100.7576,3.9648,0,93754,64.0446,82987,143194,0.0808,61018,33993830
Florida,2024-05-06,0,0,142226,6256,399825,2891,163831,0,0,0,1256,2478,0,0,2308,0,472326,1.1324,0.0349,100.4942,3.9298,0,91784,62.5113,84878,130344,0.0537,62209,31146881
Florida,2024-05-13,419,6938,126421,5727,394503,2741,53644,0,517893,6955,1095,2354,0,0,2246,0,491136,1.1278,0.0001,100.5657,3.9595,0,96802,62.7758,89655,130198,0.024,61966,32073269
Florida,2024-05-20,709,9313,124622,4360,403487,2864,0,0,738681,7229,1069,2334,0,0,2361,0,496573,1.1236,0.0079,100.5248,3.9926,0,92989,62.9559,83686,131198,0.0313,66101,32921725
Florida,2024-05-27,898,9712,31188,0,359849,2417,0,0,783615,6946,1087,2381,0,0,2480,0,516698,1.121,0.0197,100.1607,4.0844,0,92835,62.3524,80803,127657,0.0347,66369,33799174
Florida,2024-06-03,906,9263,10982,0,115328,0,0,0,801621,7300,970,2393,0,0,2731,0,485367,1.1196,0.0168,100.5946,3.9889,0,95759,61.5946,85510,130031,0.0415,69227,31758098
Florida,2024-06-10,893,8696,0,0,26429,0,0,0,662574,5961,1129,2526,0,0,2673,0,472408,1.1186,0.0378,100.4625,4.0313,0,92979,62.5849,83865,126080,0.071,65664,30843479
Florida,2024-06-17,748,8475,0,0,0,0,0,0,693704,5905,1165,2755,0,0,2511,1245,459803,1.117,0.0379,100.0183,4.0261,0,91620,60.9669,80335,126409,0.0794,64885,29760085
Florida,2024-06-24,664,7808,0,0,0,0,0,0,645636,5900,1054,2511,0,0,2640,1562,507131,1.114,0.0298,100.0775,3.9691,0,92937,61.7835,84834,132848,0.0918,70834,33037322
Florida,2024-07-01,651,7136,0,0,0,0,0,0,634506,5199,1185,2834,0,0,2437,1625,492926,1.1085,0.0442,99.8752,4.1464,1,88982,62.5458,79728,130885,0.0824,73719,31997577
Florida,2024-07-08,218,0,0,0,0,0,0,0,541010,4396,1120,2728,445823,2716,2664,0,519797,1.0997,0.0265,100.1402,4.1496,1,89033,61.038,78809,128590,0.051,77547,33768841
Florida,2024-07-15,68,0,0,0,0,0,0,0,169708,0,1121,2788,541740,2314,2748,0,460276,1.0869,0.0194,100.2059,4.0991,0,90702,61.1207,74020,136904,0.0357,78147,29957390
Florida,2024-07-22,0,0,0,0,0,0,0,0,62014,0,963,2412,509579,1992,0,0,434051,1.07,0.0068,99.7999,4.131,0,91999,60.0798,73017,137876,0.0145,76889,28150938
Florida,2024-07-29,0,0,0,0,506741,4873,0,0,0,0,929,2111,380774,1366,0,0,424100,1.0497,0.006,100.1112,4.1195,0,90750,60.7604,71966,133537,0.0182,77996,27514933
Florida,2024-08-05,0,0,0,0,767995,5674,0,0,0,0,921,2195,367820,1467,0,0,406312,1.0273,0.0061,100.0283,4.158,0,90935,60.3429,72647,130593,0.0182,75155,26228724
Florida,2024-08-12,0,0,0,0,850012,6139,511161,4783,0,0,898,2143,269590,1045,0,0,410611,1.0043,0.0014,100.1271,4.1776,0,93516,60.9876,76056,128424,0,72229,26601522
Florida,2024-08-19,0,0,0,0,967220,6716,779382,5353,0,0,757,1907,307696,1481,0,0,399807,0.9826,0.0062,100.4418,4.2312,0,95801,60.9316,74749,136945,0.0075,70672,25993337
Florida,2024-08-26,0,0,0,0,1019403,6708,725435,4196,0,0,866,2144,375395,1799,0,0,398078,0.9637,0.0093,100.0653,4.2327,0,93817,60.7711,76336,132252,0.0268,67313,25661721
Florida,2024-09-02,0,0,105871,6287,1220855,9046,670636,4026,0,0,925,2116,395396,1722,0,0,405998,0.9485,0.003,99.5129,4.3369,0,94800,61.4367,76511,127952,0.0123,68306,26124984
Florida,2024-09-09,0,0,168206,7481,1332795,8415,611530,4142,0,0,1117,2467,449596,1956,0,0,410960,0.9376,0.008,100.578,4.2921,0,95380,60.6914,74269,122842,0.0121,67380,26865918
Florida,2024-09-16,0,0,158811,5673,1083434,6421,739260,4773,0,0,1147,2702,136330,0,0,0,396278,0.9309,0,100.3075,4.3018,0,97365,60.837,72464,127292,0.0023,67319,25995168
Florida,2024-09-23,0,0,143095,4980,927043,6567,629151,3945,0,0,1452,2969,40832,0,0,0,382340,0.9279,0.0016,100.1227,4.3497,0,99205,60.3641,73138,129342,0.0171,66549,25111491
Florida,2024-09-30,0,0,100632,3956,1059020,7744,577714,3475,432275,6238,1372,2896,0,0,0,0,379285,0.9281,0.0125,100.462,4.3832,0,97001,61.4396,73084,127334,0.0058,64748,24932410
Florida,2024-10-07,0,0,93560,3691,1021955,7189,630403,3668,585930,6182,1380,3155,0,0,0,0,402742,0.9309,0.0074,100.6814,4.3375,0,96125,61.901,71867,126535,0.0144,61891,25982965
Florida,2024-10-14,0,0,96526,3456,1051558,6531,527877,3209,718982,6787,1506,3091,0,0,0,0,392608,0.9362,0,100.1916,4.3552,0,96921,61.2851,69811,129131,0.0112,59245,25670373
Florida,2024-10-21,0,0,74826,3363,891107,5513,432287,2770,747777,6715,1473,2906,0,0,0,0,386440,0.9442,0.0045,100.9611,4.3691,0,101239,62.6908,71617,126788,0.0122,55642,25317965
Florida,2024-10-28,0,0,79592,3519,712480,4501,388021,2622,813995,6742,1260,2781,0,0,0,0,382189,0.9563,0.0079,100.7739,4.4007,0,98718,61.12,71451,121973,0.0227,51822,25222241
Florida,2024-11-04,0,0,75496,3079,621262,3975,127057,0,771759,6524,1272,2632,0,0,0,0,392250,0.9745,0.0307,101.0102,4.3595,0,95722,62.4915,74997,126080,0.0209,54460,26020901
Florida,2024-11-11,0,0,75522,2804,574321,3628,43648,0,635163,5841,1269,2604,0,0,0,0,385094,1.0005,0.0275,101.1515,4.3192,0,93661,63.0345,76855,128481,0.0181,56471,25731961
Florida,2024-11-18,0,0,19315,0,470713,3042,0,0,615618,5316,1142,2470,0,0,0,0,399302,1.0344,0.0316,101.3597,4.3742,0,94718,63.1875,73800,135980,0.0283,57129,26373785
Florida,2024-11-25,0,0,6917,0,512550,3534,0,0,578420,5156,1209,2660,0,0,0,0,409792,1.0723,0.0382,101.0761,4.2826,1,97510,63.5124,73546,134516,0.0567,60878,27296516
Florida,2024-12-02,431,7408,0,0,508770,3222,0,0,176686,0,1339,3254,0,0,0,0,443697,1.1062,0.061,101.4422,4.3368,1,100250,63.2283,79192,135255,0.0972,65419,29832630
Florida,2024-12-09,655,8352,0,0,401672,2913,0,0,65293,0,1563,3650,0,0,0,0,449738,1.1267,0.08,101.3658,4.2974,1,100407,63.4022,80336,137230,0.1394,67790,30156835
Florida,2024-12-16,742,9178,0,0,426999,3033,0,0,0,0,1717,3841,0,0,2793,0,458298,1.1275,0.0898,101.3811,4.3067,1,101034,65.1645,79528,128282,0.1516,65611,30631660
Florida,2024-12-23,870,10022,0,0,416599,3065,0,0,0,0,1665,4002,0,0,2637,1619,451173,1.1088,0.0725,101.6243,4.1893,1,101198,64.9164,81603,129457,0.1392,63986,30212875
Florida,2024-12-30,911,10430,0,0,456894,3273,0,0,0,0,1769,4178,0,0,3142,1749,461259,1.0772,0.0647,101.5367,4.2818,1,100218,62.6879,76544,128905,0.1021,61260,30891057
Florida,2025-01-06,913,10809,0,0,461243,2922,0,0,0,0,1653,3967,0,0,2770,1558,451158,1.0426,0.0209,102.1449,4.1694,0,97861,63.6888,74800,124472,0.0513,60894,30171628
Florida,2025-01-13,792,8177,0,0,550443,3604,0,0,0,0,1758,3806,0,0,2672,0,431105,1.0132,0.0143,101.8305,4.1212,0,99775,63.7296,75894,123973,0.0387,58791,28856452
Florida,2025-01-20,650,6700,0,0,549603,3851,0,0,0,0,1615,4117,0,0,2907,0,397491,0.9929,0.0249,102.0813,4.1682,0,99046,65.7129,76013,128381,0.0492,58364,26571158
Florida,2025-01-27,230,0,0,0,149152,0,0,0,0,0,1761,3993,0,0,3033,0,382686,0.9819,0.0224,102.019,4.104,0,100746,63.9917,75522,128088,0.0331,54189,25698590
Florida,2025-02-03,63,0,0,0,46960,0,0,0,0,0,1583,3694,0,0,2940,0,362291,0.9782,0.0223,101.9087,4.0696,0,96813,66.011,75318,126847,0.0444,55706,24459883
Florida,2025-02-10,0,0,0,0,0,0,0,0,0,0,1406,3502,0,0,2703,0,366451,0.9796,0.0288,101.7735,4.1197,0,101306,64.4362,75917,122827,0.0528,58281,24608713
Florida,2025-02-17,0,0,0,0,0,0,0,0,0,0,1349,3302,0,0,3011,0,364738,0.9845,0.0287,102.0786,4.0665,0,102279,64.4859,76188,122146,0.0774,64696,24484766
Florida,2025-02-24,0,0,0,0,0,0,0,0,0,0,1390,3352,396960,2319,3159,0,367406,0.9917,0.052,102.0812,4.0261,0,99955,65.9793,77219,128349,0.1005,65192,24432685
Florida,2025-03-03,0,0,0,0,0,0,0,0,0,0,1553,3640,427546,2022,0,0,371123,1.0009,0.0446,102.0336,3.9682,0,97615,64.7207,79280,133108,0.1199,67441,24866264
Florida,2025-03-10,0,0,0,0,0,0,0,0,0,0,1569,3429,502208,2349,0,0,373211,1.0116,0.046,101.8627,4.0271,0,96085,64.2215,78283,136022,0.0979,67960,24988100
Florida,2025-03-17,0,0,0,0,828756,7410,0,0,0,0,1713,3729,511037,2351,0,0,393116,1.0235,0.0526,101.799,3.9298,0,97833,65.1327,76381,136103,0.0925,68790,26235778
Florida,2025-03-24,0,0,0,0,928880,6871,0,0,435961,6234,1667,3786,554512,2204,0,0,431055,1.0363,0.0196,101.9998,3.9908,0,98587,65.7142,76748,143575,0.0592,71112,28606228
Florida,2025-03-31,430,7326,0,0,984264,6608,0,0,687735,6678,1588,3702,619707,2550,0,0,454604,1.0493,0.0172,102.0883,3.927,0,97458,64.9839,77552,145567,0.0324,69118,30328458
Florida,2025-04-07,794,9442,0,0,780132,5173,0,0,654013,6361,1765,3573,555956,2496,0,0,465353,1.0622,0.0207,101.5714,3.9906,0,97758,66.1799,79349,151967,0.0437,70871,30772141
Florida,2025-04-14,835,10477,0,0,751525,5473,0,0,783851,6885,1704,3553,444317,1699,0,0,476066,1.0743,0.0048,101.9275,4.0244,0,91242,62.9442,79798,141354,0.0343,75874,31474037
Florida,2025-04-21,954,10974,0,0,808725,5914,0,0,713048,6311,1650,3526,408628,1754,0,0,484776,1.0852,0.0164,101.9106,3.8846,0,90589,65.6012,78112,134798,0.0296,74686,31899130
Florida,2025-04-28,958,9871,0,0,1060210,7227,0,0,660503,5506,1711,3141,410317,1857,0,1188,494121,1.0943,0.0199,101.5211,4.0225,0,96908,63.6633,77713,135004,0.0348,74538,32615129
Florida,2025-05-05,823,9403,0,0,1046193,7390,0,0,586824,4323,1361,2756,112490,0,0,1261,524385,1.1012,0.0283,101.6851,4.0117,0,100226,64.3626,79026,141806,0.0325,74332,34354818
Florida,2025-05-12,842,9107,0,0,956093,5907,0,0,163923,0,1472,2869,41639,0,0,1169,509828,1.1054,0.0114,101.952,3.9791,0,103129,63.0252,78448,137558,0.0369,78718,33394652
Florida,2025-05-19,771,7709,0,0,899855,6037,379037,3218,55169,0,1164,2460,0,0,0,0,490012,1.1068,0.0173,101.3785,3.9927,0,99981,63.4831,80554,142256,0.0275,79814,32318240
Florida,2025-05-26,231,0,0,0,906591,5510,389476,2690,0,0,1236,2559,0,0,0,0,461768,1.1051,0.0128,101.3987,3.9946,0,97990,62.1346,82848,144951,0.0288,74136,30431173
Florida,2025-06-02,69,0,0,0,785166,5172,512064,3071,0,0,1113,2595,0,0,0,0,453263,1.1004,0.0071,101.5344,3.9855,0,95738,62.1681,81903,140789,0.0286,75478,29740492
Florida,2025-06-09,0,0,0,0,727094,5031,562281,3759,0,0,1143,2690,0,0,0,0,438522,1.0927,0.0152,101.2692,4.0288,0,99008,61.7687,79718,134188,0.0366,74332,28620083
Florida,2025-06-16,0,0,0,0,609470,4083,544924,3605,0,0,1109,2787,0,0,0,0,456623,1.0823,0.0034,101.4021,4.0976,0,93217,62.2405,82954,139168,0.0222,75838,29352418
Florida,2025-06-23,0,0,0,0,661653,4156,644925,4235,0,0,1203,2993,0,0,0,0,437914,1.0696,0.0064,101.2862,4.0225,0,93713,60.9381,80355,135974,0.0176,72347,28558429
Florida,2025-06-30,0,0,0,0,588235,3968,660263,4043,0,0,1255,3077,0,0,0,0,439923,1.055,0.0022,101.2756,4.1171,0,90724,61.5591,78246,135608,0.0053,66838,28372649
Florida,2025-07-07,0,0,0,0,161541,0,679142,4335,0,0,1286,3163,0,0,0,0,417422,1.0391,0.0213,100.8981,4.1427,1,87896,61.5133,77598,131955,0.0262,70307,26893923
Florida,2025-07-14,0,0,0,0,49053,0,710872,4642,401801,5457,1188,2981,0,0,0,0,419883,1.0224,0.0083,101.027,4.091,0,86346,62.9175,76724,131257,0.0203,68326,26969530
Florida,2025-07-21,0,0,62323,3497,0,0,752868,4485,687917,6577,1066,2388,0,0,0,0,410993,1.0055,0.0043,101.4229,4.0777,0,89600,61.5648,74753,130836,0.0172,63006,26557185
Florida,2025-07-28,0,0,72519,3552,0,0,822359,4527,703999,6707,1014,2386,0,0,0,0,409912,0.9892,0.0157,101.0458,4.1404,0,88983,62.0409,72192,128495,0.0339,60986,26679581
Florida,2025-08-04,0,0,102187,4615,0,0,202185,0,690679,7048,909,2176,0,0,0,0,417587,0.9738,0.0246,101.0037,4.2023,0,86410,61.2465,71602,123849,0.0621,58529,26996446
Florida,2025-08-11,0,0,107707,4605,0,0,73064,0,766751,6761,845,1998,441417,2526,0,0,398658,0.96,0.0465,101.2948,4.2487,0,87354,61.6838,74484,125860,0.092,61508,25593570
Florida,2025-08-18,0,0,110918,5296,0,0,0,0,907507,8065,863,2138,425418,1873,0,0,391949,0.9481,0.0519,101.2089,4.1561,0,91604,59.9496,73782,124640,0.0998,56706,25442329
Florida,2025-08-25,0,0,141238,6362,0,0,0,0,851129,7515,942,2277,383754,1605,0,0,397648,0.9384,0.0487,101.2015,4.2213,0,92182,59.6675,73556,133841,0.1038,58768,25289914
Florida,2025-09-01,0,0,137930,5188,0,0,0,0,787458,6969,964,2371,358329,1595,0,0,377504,0.9312,0.0247,101.4864,4.2645,0,89112,58.8492,73408,133694,0.0732,60239,24625431
Florida,2025-09-08,0,0,132331,5060,508669,4464,0,0,765060,6135,1116,2469,330299,1565,0,0,375211,0.9264,0.0177,101.5391,4.2987,0,92563,60.1467,76175,133149,0.0455,58583,24515397
Florida,2025-09-15,0,0,128966,5541,640175,4779,0,0,641992,5756,1193,2735,365908,1670,0,0,382811,0.9241,0.0276,101.4219,4.3131,0,90791,59.8482,74007,133988,0.0328,55477,25057628
Florida,2025-09-22,0,0,114064,4736,710282,5234,0,0,209814,0,1289,2846,394001,1651,0,0,389678,0.924,0.0034,101.7125,4.3419,0,94222,61.8863,73687,131393,0.0157,58572,25382161
Florida,2025-09-29,0,0,117638,4442,848819,5619,510826,4662,66833,0,1284,3077,355804,1459,2764,0,391657,0.926,0.0023,101.4682,4.3873,0,95873,60.8131,70756,128325,0.0079,58189,25817345
Florida,2025-10-06,0,0,103905,3993,945106,6626,727390,5311,0,0,1401,3108,379991,1614,2618,0,410585,0.9299,0.0089,101.6242,4.3471,0,95095,61.1907,73353,121511,0.0045,58340,26861277
Florida,2025-10-13,0,0,27744,0,792153,5294,703653,4252,0,0,1362,3041,472720,1963,3011,0,402198,0.9359,0.0058,101.7617,4.2918,0,96349,60.8909,69971,128478,0.0173,59662,26476931
Florida,2025-10-20,435,7247,9489,0,741826,5229,507237,3417,0,0,1431,2802,127955,0,2920,0,423840,0.9446,0.0017,101.9717,4.2762,0,96231,62.1575,70389,134922,0.0136,59901,28171739
Florida,2025-10-27,817,9617,0,0,877228,6375,471823,3105,0,0,1229,2392,39746,0,3247,0,428389,0.9576,0.0133,102.2085,4.4318,0,96071,63.0006,71013,133083,0.0252,56436,28183974
Florida,2025-11-03,931,10090,0,0,811276,5946,530219,3334,0,0,1312,2740,0,0,3701,0,445037,0.9773,0.0341,101.8777,4.3096,0,94771,61.4281,72648,129362,0.0539,59388,29277020
Florida,2025-11-10,985,10254,0,0,701684,4847,598674,3887,0,0,1445,3391,0,0,3556,1157,461423,1.006,0.0725,102.1653,4.3017,0,97511,64.204,75256,128864,0.095,65499,30601207
Florida,2025-11-17,852,9062,0,0,777530,5905,544095,3517,0,0,1668,3659,0,0,4172,1299,502321,1.0436,0.0883,102.4228,4.4001,0,99299,62.5915,77196,133577,0.1504,65826,33318233
Florida,2025-11-24,757,9014,0,0,816794,5619,448685,2773,0,0,1543,3440,0,0,4590,1397,542534,1.0857,0.0964,102.4148,4.3025,1,96102,63.478,78832,138045,0.1689,67603,35928071
Florida,2025-12-01,843,9901,0,0,752971,5647,491044,3261,0,0,1564,3190,0,0,3940,1144,559671,1.1235,0.0856,102.1654,4.2165,1,95266,63.9676,83530,132299,0.1492,70442,37121285
Florida,2025-12-08,717,7828,0,0,877148,5702,538637,3728,0,0,1508,3547,0,0,3656,1041,551806,1.1464,0.0666,102.8163,4.264,1,95978,62.9301,78382,131007,0.1045,78040,36630357
Florida,2025-12-15,245,0,0,0,947474,6399,614370,3911,0,0,1512,3791,0,0,3557,0,533301,1.1472,0.0439,102.9385,4.27,1,95037,64.0612,78696,134059,0.0562,76643,35770664
Florida,2025-12-22,81,0,0,0,812529,5823,552911,3872,0,0,1559,3695,0,0,3482,0,476659,1.1261,0.0302,102.8278,4.2272,1,98608,65.4572,76977,141863,0.032,79376,31734170
Florida,2025-12-29,0,0,0,0,977395,6581,735827,5377,0,0,1647,4140,0,0,3048,0,459740,1.0906,0.0354,102.8514,4.2019,1,98787,63.7975,75250,132502,0.034,72851,30965221
Illinois,2024-01-01,0,0,0,0,818312,7030,0,0,0,0,1283,3668,0,0,0,0,257946,0.9454,0.0126,100.2628,4.3027,0,89645,64.6807,68164,118165,0.0259,57132,17311529
Illinois,2024-01-08,0,0,0,0,931935,6943,0,0,0,0,1475,3657,0,0,0,0,276719,0.9512,0.0185,100.1373,4.2489,0,89578,63.2486,68146,116907,0.0358,59423,18481171
Illinois,2024-01-15,0,0,0,0,928614,6055,0,0,0,0,1568,3696,0,0,0,0,277088,0.9565,0.0288,100.5637,4.1729,0,89401,63.976,66036,109397,0.0426,57682,18558145
Illinois,2024-01-22,0,0,0,0,908307,6669,0,0,0,0,1367,3187,0,0,0,0,282626,0.9612,0.006,100.6934,4.1705,0,91179,66.2374,68320,120435,0.0408,55473,19113488
Illinois,2024-01-29,0,0,0,0,958715,6142,0,0,0,0,1335,3241,0,0,0,0,288910,0.965,0.022,100.6584,4.1375,0,87112,65.8489,68039,119369,0.0368,54607,19442946
Illinois,2024-02-05,0,0,0,0,784805,4719,0,0,0,0,1273,3053,0,0,0,0,283271,0.968,0.0205,100.7895,4.1427,0,88472,65.137,67737,121827,0.0358,56802,18965658
Illinois,2024-02-12,0,0,0,0,630494,4341,0,0,0,0,1420,3495,408350,2472,0,0,289789,0.9706,0.0115,100.5578,4.0109,0,88560,65.2157,66733,123975,0.0384,57831,19488392
Illinois,2024-02-19,0,0,0,0,704108,4835,603415,5255,0,0,1387,3483,432310,2222,0,0,312325,0.9735,0.0221,101.1395,3.9805,0,94313,66.3221,68938,135530,0.0375,56252,20853529
Illinois,2024-02-26,440,6761,0,0,623161,4751,747934,5581,0,0,1391,3411,511479,1915,0,0,360903,0.9781,0.0132,100.9848,4.0486,0,97922,64.2495,67049,127612,0.0324,54499,24343257
Illinois,2024-03-04,608,8718,0,0,664486,4157,803181,5499,0,0,1573,3650,448465,1524,0,0,376044,0.9852,0.0321,100.7789,3.9931,0,93153,64.7354,63128,123326,0.03,54226,25298449
Illinois,2024-03-11,743,9345,0,0,585312,3762,711592,4787,0,0,1621,3507,287665,1195,0,0,383497,0.995,0.0101,100.5305,3.9206,0,93956,63.8293,66078,122497,0.032,53933,25593468
Illinois,2024-03-18,805,9018,46329,2843,543004,3893,583805,3492,0,0,1592,3417,291084,1295,0,0,390477,1.0055,0.0109,101.1116,3.9727,0,93720,64.3257,69134,125611,0.0419,53866,26146759
Illinois,2024-03-25,837,8851,61009,2726,452577,3176,535354,3207,0,0,1567,3699,277175,1355,0,0,400872,1.0138,0.0126,100.5861,3.9613,0,91841,64.3394,70503,126605,0.0386,55419,26828601
Illinois,2024-04-01,807,8143,68457,3086,501996,3473,414718,2522,0,0,1808,3917,312313,1447,0,0,403748,1.0172,0.0269,100.7925,3.9664,0,93043,64.2222,67693,129506,0.0621,52043,27055405
Illinois,2024-04-08,633,6852,75031,3205,445486,3117,400156,2549,0,0,1699,3446,86845,0,0,0,418949,1.0157,0.0435,100.5234,4.0125,0,93832,63.4215,68756,126313,0.0908,57575,27614273
Illinois,2024-04-15,210,0,82784,3720,550273,3640,387579,2465,0,0,1607,3345,34235,0,0,1391,394522,1.0123,0.0595,100.5913,3.933,0,91967,61.6848,68764,131000,0.1255,59473,26306072
Illinois,2024-04-22,62,0,94378,4184,486451,3451,445835,2882,0,0,1644,3060,0,0,2633,1095,430130,1.0113,0.0555,100.4543,3.9015,0,89532,62.945,71554,132034,0.1302,60443,28229307
Illinois,2024-04-29,0,0,114524,4969,494626,3197,464118,2899,0,0,1497,2879,0,0,2423,1235,435030,1.0157,0.0659,100.7921,3.936,0,93809,63.1038,69452,133525,0.128,59431,28709381
Illinois,2024-05-06,396,6257,103811,4903,519925,3455,467953,3066,0,0,1219,2470,0,0,2485,0,442178,1.0266,0.0404,100.6666,3.9662,0,91341,65.2758,70471,128842,0.0819,59759,29153225
Illinois,2024-05-13,661,8316,129730,4907,527593,3220,148715,0,0,0,1262,2320,0,0,2491,0,434167,1.0432,0.0267,100.2955,4.0269,0,83729,62.006,72126,124937,0.049,62977,28326404
Illinois,2024-05-20,767,9323,109429,4407,447289,2944,48023,0,526015,6989,1063,2216,0,0,2484,0,441283,1.0636,0.0219,100.1751,3.9262,0,82936,61.7509,71411,120194,0.0543,65133,29241659
Illinois,2024-05-27,926,10503,110148,4802,437151,2863,0,0,613115,5607,1070,2210,0,0,2443,0,477771,1.0855,0.0221,100.1624,4.0382,0,81985,62.9461,70415,128342,0.0518,63121,31250128
Illinois,2024-06-03,853,10504,31340,0,134156,0,0,0,639884,5819,1073,2504,0,0,2546,0,477965,1.1067,0.0239,100.0615,4.0333,0,80846,62.714,73228,128472,0.0631,63508,31265888
Illinois,2024-06-10,1015,9632,11669,0,37632,0,0,0,664442,5276,1165,2635,0,0,2744,1433,463942,1.1252,0.0372,100.0393,4.0277,0,81582,62.7616,73870,133110,0.0816,70101,30291340
Illinois,2024-06-17,802,8016,0,0,0,0,0,0,563957,5423,1259,2941,0,0,2646,1067,490787,1.1393,0.0375,100.2183,4.0023,0,83686,62.5584,73400,127177,0.0927,71003,31765924
Illinois,2024-06-24,633,6821,0,0,0,0,0,0,576020,5010,1314,2843,0,0,2500,1204,501692,1.1482,0.0393,99.7576,4.0066,0,82857,61.3546,77781,124247,0.0845,71051,32671919
Illinois,2024-07-01,201,0,0,0,0,0,0,0,486289,4449,1178,2670,320288,1949,2577,0,493811,1.1517,0.0278,99.7837,4.1043,1,84328,60.7983,78906,131621,0.0456,69971,32073789
Illinois,2024-07-08,64,0,0,0,0,0,0,0,396823,3276,1114,2683,319369,1369,2979,0,474084,1.1503,0.0157,99.8453,4.0215,1,85019,61.9267,78340,132070,0.0354,69160,30810972
Illinois,2024-07-15,0,0,0,0,0,0,0,0,380223,3305,1083,2680,386659,1585,2951,0,446415,1.1449,0.0199,100.012,4.0996,0,85866,61.1426,78083,141405,0.0187,67427,29054729
Illinois,2024-07-22,0,0,0,0,0,0,0,0,117076,0,997,2396,375108,1552,2825,0,446025,1.1366,0.0122,99.8387,4.0711,0,86416,61.8439,77227,140864,0.0287,65428,28921947
Illinois,2024-07-29,0,0,0,0,583593,5447,0,0,35610,0,774,1968,431503,1867,0,0,444094,1.1262,0.0132,99.7815,4.2217,0,87607,59.8177,81714,139526,0.0307,69005,28804709
Illinois,2024-08-05,0,0,0,0,829904,6440,662924,5982,0,0,833,1972,366061,1597,0,0,438249,1.1144,0.0063,100.458,4.2165,0,87148,59.8192,81794,130162,0.0125,71409,28290184
Illinois,2024-08-12,0,0,0,0,855047,5882,757948,5627,0,0,891,1921,368168,1710,0,0,453525,1.1015,0.0036,100.1376,4.2281,0,86730,59.651,76382,125454,0.0113,70468,29379408
Illinois,2024-08-19,0,0,0,0,920796,6078,685983,4421,0,0,811,1952,325758,1281,0,0,423059,1.0875,0.0044,100.3645,4.3091,0,86470,59.6746,73322,125008,0.0165,72838,27506818
Illinois,2024-08-26,0,0,91630,5537,881255,6292,659377,4089,0,0,903,2052,352148,1513,0,0,427864,1.0725,0.0143,100.0332,4.429,0,86102,60.3186,72225,132530,0.015,70059,27576969
Illinois,2024-09-02,0,0,132486,5976,877273,5741,522759,3145,0,0,818,1992,364705,1575,0,0,447952,1.0568,0.0005,100.1335,4.3416,0,82911,61.0679,73008,134095,0.0097,65672,28827151
Illinois,2024-09-09,0,0,127018,4915,958773,6409,464739,3416,0,0,979,2210,103053,0,0,0,427108,1.0407,0.0012,100.3172,4.3126,0,80960,60.6737,72319,125917,0.0118,62061,27928322
Illinois,2024-09-16,0,0,119102,4963,931545,6194,456357,3193,0,0,1016,2313,33056,0,0,0,392063,1.0254,0.0113,100.2204,4.3543,0,83515,60.0439,70932,128645,0.0145,61420,25708322
Illinois,2024-09-23,0,0,102445,4102,894094,5728,566158,3626,460186,6166,1298,2858,0,0,0,0,399648,1.0127,0.0103,100.469,4.391,0,79942,60.7441,72334,128664,0.0182,61541,26240201
Illinois,2024-09-30,0,0,105153,4056,962743,6614,535342,3285,614444,6153,1235,2666,0,0,0,0,397027,1.0053,0.0009,100.5993,4.2651,0,81585,62.0061,71550,125095,0.0094,61416,26109334
Illinois,2024-10-07,0,0,93407,4120,769930,5783,437994,2753,688610,7011,1186,2520,0,0,0,0,414596,1.0063,0,100.6663,4.451,0,85077,61.0086,72994,122083,0.0197,59514,26754699
Illinois,2024-10-14,0,0,97290,3826,686437,5219,389649,2532,748093,6743,1299,2655,0,0,0,0,406857,1.0176,0.0088,100.4134,4.3213,0,86823,61.7877,76110,127485,0.0195,60298,26593799
Illinois,2024-10-21,0,0,84889,3488,696462,4388,391219,2809,780688,6693,1489,2865,0,0,0,0,399494,1.0382,0.0145,100.9376,4.3144,0,90743,62.9727,71990,133739,0.0197,64430,26164005
Illinois,2024-10-28,0,0,69076,2642,621375,4064,127298,0,887896,7131,1351,2841,0,0,0,0,399793,1.0624,0.0103,100.6603,4.312,0,88385,62.3068,75345,142153,0.0237,60791,26381783
Illinois,2024-11-04,0,0,56605,2621,571236,3541,45134,0,790497,6431,1252,2461,0,0,0,0,405163,1.0813,0.0131,101.0177,4.2809,0,87909,63.0034,75341,132632,0.0126,61970,26894043
Illinois,2024-11-11,0,0,19581,0,518993,3404,0,0,642910,6235,1124,2263,0,0,0,0,389319,1.0864,0.028,101.1279,4.3375,0,85799,63.0428,74152,129512,0.0212,58106,26013851
Illinois,2024-11-18,0,0,6603,0,485714,3127,0,0,591803,5399,885,1974,0,0,0,0,378820,1.0742,0.0386,101.0883,4.2745,0,87682,62.8771,72358,131111,0.0348,59643,25014862
Illinois,2024-11-25,0,0,0,0,414211,2535,0,0,202441,0,1067,2388,0,0,0,0,377855,1.048,0.0246,101.4245,4.2516,1,90499,63.2914,74251,126348,0.0343,54327,25181031
Illinois,2024-12-02,0,0,0,0,380598,2492,0,0,65292,0,1209,2611,0,0,0,0,341576,1.016,0.0456,101.2985,4.376,1,87915,62.4944,74814,120502,0.0612,53075,22978630
Illinois,2024-12-09,491,7062,0,0,372683,2718,0,0,0,0,1266,3011,0,0,2540,0,358994,0.987,0.0663,101.5597,4.1982,1,89851,64.088,70327,125147,0.0893,53407,24083500
Illinois,2024-12-16,691,8843,0,0,379360,2774,0,0,0,0,1441,3308,0,0,2700,0,373336,0.9666,0.0876,101.7148,4.3425,1,88393,65.1543,70875,120827,0.1327,52303,24954904
Illinois,2024-12-23,831,8857,0,0,435115,3058,0,0,0,0,1889,4201,0,0,2538,0,364168,0.9557,0.0865,101.6708,4.2391,1,86121,64.8092,67908,121794,0.152,51807,24374820
Illinois,2024-12-30,784,8359,0,0,419786,3074,0,0,0,0,1625,3865,0,0,2759,1059,362335,0.9525,0.0789,101.2593,4.1505,1,92538,64.9136,63253,118098,0.1369,51884,24254070
Illinois,2025-01-06,741,8422,0,0,427354,2933,0,0,0,0,1645,4046,0,0,2514,1093,380990,0.9539,0.0413,101.5827,4.3164,0,91915,64.9538,63496,121850,0.0965,51077,25461225
Illinois,2025-01-13,765,8659,0,0,447634,3104,0,0,0,0,1735,4285,0,0,2365,1016,378771,0.9575,0.0299,101.7825,4.0754,0,92231,65.7162,65409,121526,0.0675,55114,25339861
Illinois,2025-01-20,737,7637,0,0,423883,2892,0,0,0,0,1570,4051,0,0,2529,0,380701,0.9614,0.0168,101.9433,4.2093,0,90250,65.5283,66261,126232,0.0433,55234,25455833
Illinois,2025-01-27,649,6011,0,0,135470,0,0,0,0,0,1594,3874,0,0,2450,0,353998,0.9649,0.0154,102.0006,4.1342,0,92365,63.5264,64314,128662,0.0398,57407,23777818
Illinois,2025-02-03,175,0,0,0,38423,0,0,0,0,0,1492,3712,0,0,2902,0,344782,0.9676,0.019,102.1505,4.0887,0,94645,65.9711,65281,122164,0.0613,58327,23280423
Illinois,2025-02-10,54,0,0,0,0,0,0,0,0,0,1464,3503,0,0,3525,0,342947,0.9693,0.0285,101.8087,4.1574,0,93074,64.8912,65003,127147,0.0735,59768,23030554
Illinois,2025-02-17,0,0,0,0,0,0,0,0,0,0,1249,2976,0,0,3493,0,343846,0.9701,0.0496,101.7081,4.0699,0,93135,64.4133,69517,123657,0.116,56899,23065716
Illinois,2025-02-24,0,0,0,0,0,0,0,0,0,0,1310,3156,0,0,0,0,334189,0.9701,0.0475,101.9097,4.0309,0,93033,66.1443,70532,122814,0.1186,58307,22227177
Illinois,2025-03-03,0,0,0,0,0,0,0,0,0,0,1503,3509,347667,2116,0,0,318285,0.9698,0.0556,101.699,4.0956,0,90111,64.4332,69950,120999,0.1011,56701,21317910
Illinois,2025-03-10,0,0,0,0,0,0,0,0,0,0,1553,3549,551538,2885,0,0,338393,0.9694,0.0427,102.3098,3.986,0,91143,63.6836,68495,118305,0.0897,56558,22659457
Illinois,2025-03-17,0,0,0,0,591309,5789,0,0,0,0,1654,3564,492059,2176,0,0,357572,0.9692,0.0262,102.2906,3.9878,0,93613,64.7063,68672,124570,0.051,59366,23885489
Illinois,2025-03-24,457,7181,0,0,703931,4676,0,0,0,0,1777,3641,623889,2509,0,0,370298,0.9696,0.0054,101.8727,4.0248,0,97213,64.7341,75395,124988,0.0487,56142,24586278
Illinois,2025-03-31,661,8028,0,0,698121,5229,0,0,556658,6669,1912,4115,537104,2037,0,0,398433,0.9711,0.0301,101.8959,4.0183,0,93517,66.1844,72700,128019,0.0465,60763,26569205
Illinois,2025-04-07,795,9260,0,0,790983,5692,0,0,663143,6025,1746,3644,408712,1502,0,0,405120,0.9738,0.02,101.6765,3.9417,0,94284,63.3443,69345,126590,0.0362,61819,26789792
Illinois,2025-04-14,800,8355,0,0,910458,6338,0,0,669519,5945,1765,3603,418358,1638,0,0,410888,0.978,0.0178,101.7518,3.9367,0,94144,64.1449,71436,131104,0.0349,59249,27152624
Illinois,2025-04-21,780,8973,0,0,887684,5806,0,0,678347,6032,1742,3843,347742,1423,0,1045,420935,0.984,0.0041,101.4159,4.0309,0,95635,63.8036,68521,126799,0.0371,61764,27710210
Illinois,2025-04-28,797,8391,0,0,915260,6240,0,0,599028,5574,1556,3099,334239,1367,0,1117,444230,0.9916,0,101.9369,3.888,0,94272,62.1152,65895,126069,0.0257,61347,29342429
Illinois,2025-05-05,622,6688,0,0,830579,5625,0,0,519645,4317,1393,2525,330607,1406,0,1218,453851,1.0009,0.0169,101.5321,3.9286,0,91765,63.2999,68532,114805,0.0299,60974,29745752
Illinois,2025-05-12,566,6507,0,0,729419,4965,0,0,459964,3894,1370,2668,92956,0,0,0,453569,1.0116,0.0168,101.6934,3.9033,0,92993,62.8014,67910,119994,0.0275,63149,29703887
Illinois,2025-05-19,178,0,0,0,850242,5488,0,0,125273,0,1204,2508,28575,0,0,0,396534,1.0235,0.0164,101.562,4.0706,0,88852,61.6838,69801,120836,0.0299,61802,26153838
Illinois,2025-05-26,59,0,0,0,668595,3929,268221,2614,50595,0,1212,2651,0,0,0,0,389579,1.0363,0.0112,101.4219,4.0102,0,87027,60.9618,73452,126102,0.0306,62689,25675268
Illinois,2025-06-02,0,0,0,0,566699,3721,448394,2818,0,0,1230,2859,0,0,0,0,408240,1.0493,0.0159,101.8316,3.916,0,89322,60.904,74101,123584,0.0389,58279,26777969
Illinois,2025-06-09,0,0,0,0,483750,2853,493935,3420,0,0,1418,3349,0,0,0,0,403899,1.0622,0.0129,101.7459,3.9932,0,85166,62.6176,72150,128742,0.0201,60294,26362555
Illinois,2025-06-16,0,0,0,0,496704,3375,437956,3171,0,0,1469,3125,0,0,0,0,424892,1.0743,0.0085,101.3654,4.0564,0,83378,59.767,73151,121238,0.0202,62858,27307751
Illinois,2025-06-23,0,0,0,0,454652,3209,543777,3460,0,0,1278,2862,0,0,0,0,417075,1.0852,0.012,101.2993,4.0011,0,84179,60.6626,72442,125812,0.0177,65937,27194012
Illinois,2025-06-30,0,0,0,0,457837,3032,481356,3186,0,0,1261,2947,0,0,0,0,429123,1.0943,0.0134,101.3231,4.0818,0,83317,61.3048,71018,124110,0.0286,63981,27665054
Illinois,2025-07-07,0,0,0,0,129535,0,656087,4017,272540,3806,1208,2821,0,0,0,0,415803,1.1012,0.0158,101.3293,4.0328,1,83041,60.8584,72603,128479,0.0123,66411,26794859
Illinois,2025-07-14,0,0,0,0,38863,0,559615,3944,414994,4579,1051,2509,0,0,0,0,425726,1.1054,0.002,101.5214,4.1462,0,82175,60.3465,75227,125697,0.0136,63073,27350972
Illinois,2025-07-21,0,0,0,0,0,0,689206,4608,563077,4843,1141,2686,0,0,0,0,408032,1.1068,0.0122,101.3488,4.1681,0,80411,59.9516,80397,124974,0.0157,59474,26358456
Illinois,2025-07-28,0,0,51635,3132,0,0,878140,5378,598109,5205,949,2368,0,0,0,0,418149,1.1051,0.0119,101.2272,4.1351,0,77809,60.7124,75303,127078,0.0252,57415,27219411
Illinois,2025-08-04,0,0,95580,3883,0,0,923752,6350,632274,5807,913,2010,390553,2488,0,0,452200,1.1004,0.025,101.4262,4.2491,0,78066,60.6264,77122,128426,0.0396,59545,29233723
Illinois,2025-08-11,0,0,97471,4634,0,0,288290,0,707926,5973,787,1938,499092,2441,0,0,466299,1.0927,0.0314,101.3466,4.2608,0,81754,61.0107,71947,134027,0.0591,59331,29952172
Illinois,2025-08-18,0,0,125924,5310,0,0,94573,0,714721,6063,760,1774,467853,2100,0,0,423090,1.0824,0.0411,101.2759,4.2032,0,82325,61.3465,72747,131485,0.0907,55169,27474383
Illinois,2025-08-25,0,0,122053,5171,0,0,0,0,634210,5904,791,1858,396798,1571,0,0,431482,1.0697,0.0455,101.6828,4.2508,0,85157,61.4443,74432,133787,0.1021,60450,27444849
Illinois,2025-09-01,0,0,110543,4557,0,0,0,0,647755,6155,1034,2259,333241,1248,0,0,409230,1.0553,0.0474,101.3637,4.2326,0,83870,60.5936,73184,123719,0.0984,57732,26673441
Illinois,2025-09-08,0,0,112670,4578,428959,4181,0,0,620398,5223,1087,2407,284918,949,0,0,394884,1.0401,0.0254,101.2289,4.2671,0,87042,61.1667,72237,125488,0.0643,60749,25793702
Illinois,2025-09-15,0,0,103667,4513,686509,4939,0,0,201203,0,1094,2440,238760,1056,0,0,389212,1.0254,0.0192,101.4627,4.2779,0,90285,61.2748,70220,129919,0.0401,59079,25484211
Illinois,2025-09-22,0,0,99736,4075,679850,4555,476132,4346,62713,0,1207,2563,268326,1222,0,0,397932,1.0134,0.0055,101.9211,4.3073,0,89227,61.8246,69366,132775,0.0153,57137,25917834
Illinois,2025-09-29,0,0,88270,3533,611437,4386,501815,3566,0,0,1402,2759,277540,1420,0,0,404058,1.0073,0.0013,101.7487,4.2714,0,87879,62.6119,73157,127030,0.0142,56661,26635723
Illinois,2025-10-06,0,0,89361,3680,691174,5163,557304,3610,0,0,1458,3135,418820,1832,3283,0,408912,1.0103,0.0102,101.6927,4.3516,0,88024,62.0603,74348,131150,0.0182,57915,26750597
Illinois,2025-10-13,0,0,70559,2917,791002,5463,498588,2984,0,0,1389,2739,114700,0,3086,0,422534,1.0248,0.0091,102.0223,4.3098,0,86759,61.1797,74455,135830,0.0212,54630,27812378
Illinois,2025-10-20,0,0,23448,0,980878,6625,473110,2998,0,0,1325,2909,43341,0,3510,0,411475,1.0495,0.0048,102.0282,4.2895,0,88998,62.9273,74264,133639,0.0082,56613,27346884
Illinois,2025-10-27,458,7495,6928,0,991577,7050,426304,2775,0,0,1461,3201,0,0,3704,0,448737,1.0779,0.007,101.8772,4.3847,0,88660,63.5063,75708,137171,0.0289,59998,29529216
Illinois,2025-11-03,845,9195,0,0,974419,6442,393597,2318,0,0,1420,2909,0,0,3774,0,474323,1.1,0.0463,102.4916,4.3898,0,87249,62.8479,73857,141641,0.0572,62838,31190262
Illinois,2025-11-10,793,8761,0,0,837663,5536,370658,2282,0,0,1401,2797,0,0,3512,1562,470309,1.1064,0.054,102.5846,4.3828,0,91346,64.2848,76149,147007,0.0992,64810,31210639
Illinois,2025-11-17,843,9787,0,0,894330,5762,407380,2386,0,0,1365,3243,0,0,3663,1391,500153,1.0929,0.0765,102.5631,4.3543,0,90536,64.843,70525,139236,0.1367,65736,33188067
Illinois,2025-11-24,832,8605,0,0,675921,4697,387046,2677,0,0,1438,3199,0,0,3280,1130,506912,1.0635,0.1047,102.224,4.2688,1,89098,64.0689,72395,125570,0.1723,71667,33559408
Illinois,2025-12-01,740,7236,0,0,844250,5469,395667,2837,0,0,1503,3108,0,0,3491,969,476754,1.0273,0.0921,102.8851,4.2878,1,88860,64.2815,71013,128776,0.1504,66874,31614525
Illinois,2025-12-08,543,5769,0,0,654277,4476,437440,2512,0,0,1393,3220,0,0,3554,1074,450336,0.9943,0.0719,102.9175,4.2199,1,87959,63.1073,70013,127208,0.1004,62006,29889024
Illinois,2025-12-15,194,0,0,0,740640,4970,524340,3386,0,0,1406,3220,0,0,4003,0,421348,0.9706,0.0447,103.0781,4.2404,1,90096,64.7231,69232,123283,0.0752,60908,28260712
Illinois,2025-12-22,51,0,0,0,801408,5129,609884,4090,0,0,1381,3390,0,0,3687,0,382031,0.9577,0.0309,102.976,4.3201,1,93950,64.6792,68780,122208,0.0362,58261,25433597
Illinois,2025-12-29,0,0,0,0,643665,3794,693197,4359,0,0,1548,3640,0,0,3437,0,383592,0.9533,0.0315,102.5929,4.2698,1,96654,65.5124,71452,122809,0.0383,58812,25839808
New York,2024-01-01,0,0,0,0,800334,7690,0,0,0,0,1660,5004,0,0,0,0,358376,0.9701,0.0121,100.4624,4.2379,0,128171,63.3843,92006,164975,0.0283,82318,24052046
New York,2024-01-08,0,0,0,0,1059629,8138,0,0,0,0,1742,4442,0,0,0,0,380699,0.9701,0.0124,100.6427,4.287,0,124716,63.4436,90529,165236,0.0283,84736,25430995
New York,2024-01-15,0,0,0,0,1076878,7981,0,0,0,0,1984,4362,0,0,0,0,380602,0.9698,0.0115,100.7544,4.18,0,120094,63.6603,90310,167014,0.0292,82888,25506181
New York,2024-01-22,0,0,0,0,1350477,9152,0,0,0,0,2075,4830,593729,3312,0,0,391946,0.9694,0.01,100.5144,4.1559,0,126291,63.8921,90930,162615,0.019,80333,26502997
New York,2024-01-29,0,0,0,0,1094920,7862,628972,5599,0,0,2045,4918,944573,4182,0,0,434116,0.9692,0.0068,100.5874,4.1294,0,127392,64.4584,94034,158796,0.0311,76172,29230166
New York,2024-02-05,587,9482,0,0,1218185,8068,875574,6904,0,0,1859,4691,845276,3820,0,0,481572,0.9697,0.0183,100.6461,4.0976,0,130804,64.8943,92793,161423,0.0383,79000,32244874
New York,2024-02-12,840,11033,0,0,1381689,9142,956917,6474,0,0,1887,4460,882990,3831,0,0,498437,0.9711,0.0148,100.6138,4.0633,0,129772,64.293,90067,162877,0.046,76094,33516190
New York,2024-02-19,1024,13484,0,0,1209584,8582,1130538,6713,0,0,1802,4239,834314,3460,0,0,494885,0.9741,0.0299,100.8571,4.0887,0,126372,65.0118,95567,168040,0.0341,73826,33033968
New York,2024-02-26,1207,12922,78426,4980,1057173,7411,995277,6534,0,0,1738,4296,902009,3423,0,0,526222,0.9789,0.011,100.3269,4.0338,0,122639,65.8604,97041,167397,0.0394,74806,35496860
New York,2024-03-04,1013,13036,92430,4024,1225537,9151,1127032,7144,0,0,1832,4338,694536,2664,0,0,550542,0.9865,0.0246,101.5501,3.9876,0,118749,64.1737,98861,166761,0.0521,75750,37047415
New York,2024-03-11,926,10244,78589,3101,1097479,6725,954390,5155,0,0,2125,5333,571227,2132,0,0,547763,0.9977,0.0185,101.0678,3.9863,0,120289,65.4861,99102,165975,0.0594,74389,36545523
New York,2024-03-18,818,8218,82773,3391,1070661,6934,848597,4833,0,0,2375,5186,151330,0,0,0,545977,1.0134,0.0394,100.8418,4.0839,0,118596,65.0244,100576,169343,0.0864,76017,36523201
New York,2024-03-25,235,0,87800,3852,917913,6975,687911,5228,0,0,2484,5561,51213,0,0,1716,549743,1.0336,0.0594,100.5717,3.9436,0,120897,63.9527,99956,168852,0.1204,80130,36732342
New York,2024-04-01,71,0,92017,4329,957704,7014,796720,5035,0,0,2382,5069,0,0,4096,1685,597837,1.0563,0.0616,100.4652,3.9499,0,127350,65.791,100550,169524,0.1476,81484,40013221
New York,2024-04-08,0,0,122104,5162,818385,6069,765115,4405,0,0,2359,4587,0,0,4167,1700,647155,1.078,0.0486,100.8664,4.0506,0,127374,66.0655,108860,189626,0.1184,83056,42648496
New York,2024-04-15,0,0,130066,5363,812555,5323,690162,4093,0,0,2017,4010,0,0,4424,0,634900,1.0948,0.0379,100.7041,3.9567,0,124807,65.5041,106835,193209,0.0808,82573,42365975
New York,2024-04-22,0,0,156227,6959,764564,4852,190997,0,0,0,1845,4061,0,0,4289,0,591137,1.1048,0.0139,100.5756,3.9307,0,124252,64.9051,100046,200053,0.0619,83191,38852610
New York,2024-04-29,0,0,173010,7697,631058,4019,63487,0,657397,8689,1954,3988,0,0,4105,0,613745,1.1091,0.0241,100.73,3.9269,0,122456,64.5628,103695,189583,0.0462,81741,40562856
New York,2024-05-06,0,0,189352,8214,528023,3689,0,0,813340,8830,1674,3928,0,0,3963,0,630719,1.111,0.0143,100.4351,3.959,0,119243,65.1301,102051,187083,0.0355,87023,41622011
New York,2024-05-13,0,0,55496,0,519858,3719,0,0,1019888,8308,1810,3620,0,0,3416,0,637614,1.1136,0.0024,100.3004,3.9406,0,115339,64.5855,101115,179212,0.0297,91356,41635530
New York,2024-05-20,0,0,21127,0,551411,3761,0,0,1073557,10529,1506,3265,0,0,3510,0,570167,1.1185,0.0037,100.5388,3.9517,0,115795,64.7569,105713,189084,0.0296,90339,37806394
New York,2024-05-27,602,9137,0,0,502041,3536,0,0,1148105,9769,1596,3388,0,0,3620,0,613937,1.1253,0.0054,100.0759,3.9463,0,117928,62.7909,105064,193315,0.0201,88094,40180247
New York,2024-06-03,837,10762,0,0,134943,0,0,0,1119685,9307,1554,3339,0,0,3443,0,614904,1.133,0.0013,100.3422,3.9999,0,117492,63.4054,101131,192886,0.0344,87534,40255887
New York,2024-06-10,1117,12611,0,0,45119,0,0,0,933904,8348,1396,3381,0,0,3242,0,603186,1.1399,0,100.4589,4.0576,0,122749,65.0559,104106,191844,0.0353,87770,39434804
New York,2024-06-17,1247,14601,0,0,0,0,0,0,947524,7935,1621,3722,0,0,2988,0,597932,1.1448,0.0153,100.0435,3.9689,0,113015,63.4242,100442,190268,0.0308,91182,38731350
New York,2024-06-24,1231,14258,0,0,0,0,0,0,883322,7594,1667,4143,0,0,3063,0,623595,1.1462,0.0272,99.9365,4.0746,0,109759,62.9838,97158,186016,0.0531,91481,40628204
New York,2024-07-01,1178,12626,0,0,0,0,0,0,270334,0,1768,4237,0,0,3203,1851,611281,1.1429,0.0315,100.371,4.1747,1,110472,62.2792,102902,189691,0.0792,87339,39698418
New York,2024-07-08,1034,11545,0,0,0,0,0,0,96731,0,1680,3791,0,0,0,1811,650757,1.1341,0.0457,100.0476,4.1135,1,110954,62.7712,108122,193977,0.0836,98518,42247748
New York,2024-07-15,933,9545,0,0,0,0,0,0,0,0,1474,3470,0,0,0,1833,603794,1.1195,0.0261,100.0494,4.0922,0,113674,63.5259,109680,185842,0.0729,94818,39288978
New York,2024-07-22,283,0,0,0,0,0,0,0,0,0,1298,3087,448022,2622,0,0,588722,1.0997,0.0179,100.0443,4.1425,0,113727,61.96,106124,181635,0.044,96749,38167199
New York,2024-07-29,92,0,0,0,584450,5920,0,0,0,0,1241,2789,482712,2276,0,0,558955,1.0758,0.0083,100.1777,4.1838,0,114979,61.656,98182,184034,0.0403,91990,36261180
New York,2024-08-05,0,0,0,0,848597,6734,0,0,0,0,1169,2589,465709,1678,0,0,532959,1.0499,0.0058,100.2975,4.1278,0,113322,62.3154,96105,175847,0.0196,88388,34404573
New York,2024-08-12,0,0,0,0,1194270,9546,0,0,0,0,1125,2623,442729,1775,0,0,518644,1.0237,0.0046,99.7672,4.1771,0,116704,61.2941,96206,173894,0.0133,90377,33596614
New York,2024-08-19,0,0,0,0,1266654,9072,0,0,0,0,1140,2699,426241,1810,0,0,482753,0.9991,0.0149,100.2967,4.2519,0,116839,59.8264,96230,176284,0.0143,83902,31376304
New York,2024-08-26,0,0,0,0,1442320,9032,597132,5986,0,0,1219,2813,425201,2048,0,0,499357,0.9773,0,100.3666,4.2832,0,113971,62.2882,95529,170534,0.0088,79845,32201249
New York,2024-09-02,0,0,0,0,1484578,10976,797473,5789,0,0,1231,3026,483531,1996,0,0,511391,0.9593,0.0027,100.2121,4.2812,0,114554,61.1057,90525,174718,0.0132,75358,32907124
New York,2024-09-09,0,0,0,0,1733483,10518,738866,4857,0,0,1448,3158,626402,2480,0,0,490691,0.9452,0.0028,100.5316,4.3458,0,117004,60.3041,89115,169910,0.0081,76215,32084165
New York,2024-09-16,0,0,93157,5725,1459217,10031,870845,5248,0,0,1573,3318,544057,2582,0,0,490161,0.9351,0.0077,100.1851,4.2573,0,120437,61.1736,86065,166893,0.0191,81508,32144919
New York,2024-09-23,0,0,131325,6666,1380632,8252,668286,4071,0,0,1764,3783,748025,3376,0,0,498440,0.9286,0.007,100.3673,4.3048,0,116497,61.1921,85415,157496,0.0162,83423,32730499
New York,2024-09-30,0,0,140619,6473,1239026,8000,629097,3731,0,0,1777,3771,207646,0,0,0,496432,0.9256,0.0041,100.6038,4.3927,0,119680,62.6004,86465,158201,0.0135,88472,32642771
New York,2024-10-07,0,0,147528,5870,1109034,7299,639353,3914,0,0,1689,3426,75438,0,0,0,490775,0.9261,0.0076,100.5555,4.3535,0,124474,61.3558,89990,159136,0.0156,86630,31662245
New York,2024-10-14,0,0,126416,5221,985126,6715,627824,3936,612882,7923,1869,3489,0,0,0,0,491752,0.9305,0.0196,100.6774,4.3604,0,124644,61.4689,92446,148292,0.027,81942,32130674
New York,2024-10-21,0,0,119997,4820,860322,5777,603493,4258,739120,8421,1710,3687,0,0,0,0,495910,0.9403,0.0119,100.716,4.3249,0,117794,60.5999,90957,155346,0.0158,79622,32481504
New York,2024-10-28,0,0,106434,4193,929360,5892,521015,3354,872578,7734,1774,3659,0,0,0,0,487889,0.9574,0.0024,100.6957,4.3452,0,124361,62.3985,95549,162579,0.019,80743,32203994
New York,2024-11-04,0,0,88362,3673,794393,5251,530316,3499,875098,8376,1660,3556,0,0,0,0,508411,0.9836,0.0256,101.079,4.3412,0,124064,62.8121,100502,161228,0.0325,84411,33732761
New York,2024-11-11,0,0,82362,3630,869657,6587,560270,3801,931496,8082,1667,3539,0,0,0,0,520751,1.0187,0.0382,100.5309,4.345,0,128027,61.3483,100068,159844,0.0532,81996,34783643
New York,2024-11-18,601,9681,100279,4089,681966,4580,168672,0,997153,8662,1809,3988,0,0,0,0,588201,1.0586,0.0589,101.1801,4.3731,0,125858,61.6007,101501,173343,0.0911,77922,38813643
New York,2024-11-25,906,11058,108779,4199,729634,4831,56536,0,922885,7802,1809,4189,0,0,0,0,630977,1.0952,0.0817,101.0421,4.3559,1,121868,61.146,99234,176130,0.1366,76575,41966311
New York,2024-12-02,1065,11534,27732,0,728679,4766,0,0,766073,6192,1977,4356,0,0,0,0,635085,1.1186,0.0841,101.5844,4.3581,1,123688,62.6679,102990,178417,0.1548,82620,42666658
New York,2024-12-09,1104,13706,10083,0,558170,4502,0,0,754713,6165,2101,4610,0,0,0,2281,615671,1.1223,0.0806,101.4064,4.2125,1,121807,62.9979,102284,173979,0.1349,76001,41282467
New York,2024-12-16,1424,14165,0,0,710940,5144,0,0,226251,0,2120,5092,0,0,0,2331,646006,1.1062,0.0643,101.515,4.2077,1,115046,62.6798,103115,185132,0.1021,78103,43215788
New York,2024-12-23,1100,12873,0,0,653530,4406,0,0,77759,0,2280,5356,0,0,0,1685,590986,1.0767,0.0523,101.4564,4.2086,1,122865,61.437,103983,186782,0.0571,74043,39603110
New York,2024-12-30,1168,12419,0,0,593310,4205,0,0,0,0,2137,5305,0,0,3058,0,552086,1.0433,0.0321,101.7317,4.1974,1,125476,63.1871,102935,187203,0.0325,73495,37015378
New York,2025-01-06,935,9444,0,0,656177,4891,0,0,0,0,2238,5193,0,0,3241,0,517360,1.0141,0.0195,101.9272,4.2099,0,127705,64.5779,97866,181307,0.0385,71907,34600626
New York,2025-01-13,299,0,0,0,709404,4286,0,0,0,0,2278,5543,0,0,3046,0,491350,0.993,0.0175,101.6553,4.1746,0,123455,62.5579,96767,177319,0.0369,75964,32885418
New York,2025-01-20,90,0,0,0,618748,4117,0,0,0,0,2225,5317,0,0,3694,0,481309,0.9802,0.0026,101.8065,4.1874,0,128244,63.4039,97555,167817,0.0249,79749,32198755
New York,2025-01-27,0,0,0,0,172079,0,0,0,0,0,1933,4778,0,0,3998,0,470736,0.9736,0.0182,101.8585,4.1647,0,128748,64.4436,95584,156980,0.0263,78400,31615990
New York,2025-02-03,0,0,0,0,52746,0,0,0,0,0,1817,4173,0,0,3760,0,455026,0.9712,0.0104,101.7643,4.1333,0,129695,64.9603,88470,163322,0.0266,80918,30733399
New York,2025-02-10,0,0,0,0,0,0,0,0,0,0,1872,4359,467723,2802,3641,0,472978,0.9716,0.0142,101.8183,3.9511,0,129923,64.8889,88111,167778,0.0403,81576,31778381
New York,2025-02-17,0,0,0,0,0,0,0,0,0,0,2134,5018,615355,3205,3390,0,484910,0.9739,0.0234,102.0022,3.9894,0,129504,63.8856,91827,161597,0.0448,77605,32557869
New York,2025-02-24,0,0,0,0,0,0,0,0,0,0,1974,4883,868890,4020,3680,0,470230,0.9781,0.0361,102.1098,4.0275,0,131653,65.1096,89970,170477,0.0516,76348,31287677
New York,2025-03-03,0,0,0,0,0,0,0,0,0,0,2188,5376,894032,3502,3995,0,469974,0.984,0.0376,102.1913,4.1024,0,134243,66.1804,91870,166214,0.0908,78021,31497195
New York,2025-03-10,0,0,0,0,0,0,0,0,696901,8710,2403,5825,914048,3827,3835,0,500116,0.9916,0.0477,101.6824,3.962,0,131811,66.4273,96303,165536,0.1025,81821,33482975
New York,2025-03-17,0,0,0,0,860846,8112,0,0,845177,8872,2647,5578,797738,3166,0,0,547774,1.0009,0.0567,102.167,3.9331,0,130913,65.1923,99414,170784,0.1181,86576,36552195
New York,2025-03-24,0,0,0,0,1003021,8493,0,0,981572,8733,2655,5112,589844,2424,0,0,540364,1.0116,0.0384,102.141,3.9698,0,128184,64.9486,97657,167177,0.1034,84469,35837027
New York,2025-03-31,0,0,0,0,1436390,9262,0,0,901790,7967,2557,5708,675759,2917,0,0,547650,1.0235,0.0307,102.1077,4.0156,0,127643,66.0198,98615,170719,0.0754,85847,36518819
New York,2025-04-07,0,0,0,0,1224597,8391,0,0,963334,8937,2709,5580,649014,3104,0,0,545314,1.0363,0.0284,101.757,3.9268,0,128907,64.6083,104055,166409,0.0535,89080,36049988
New York,2025-04-14,525,8401,0,0,1396730,8831,0,0,957583,8518,2502,5348,690077,2864,0,0,580423,1.0493,0.019,102.109,3.9702,0,126006,64.0235,101166,166035,0.0444,89163,38354354
New York,2025-04-21,781,9501,0,0,1352627,9280,0,0,761235,6633,2371,4646,193195,0,0,0,609264,1.0622,0.0184,101.6769,3.9763,0,126366,63.7373,96481,163127,0.0353,88676,40087863
New York,2025-04-28,1052,11635,0,0,1171953,8283,0,0,266111,0,2088,4067,57911,0,0,0,586483,1.0743,0.0088,102.159,3.9211,0,120596,64.8348,100577,169748,0.024,91175,38726626
New York,2025-05-05,1053,12095,0,0,1260004,9526,342767,2862,80916,0,1886,3691,0,0,0,0,600238,1.0852,0.0222,101.7516,4.0525,0,120162,65.0138,101264,170713,0.0412,94828,39332721
New York,2025-05-12,1062,12394,0,0,1365443,9421,414944,2900,0,0,1844,3519,0,0,0,1664,624254,1.0943,0.0209,101.6058,3.9816,0,118481,64.4055,101079,164475,0.0354,94630,40876049
New York,2025-05-19,987,11124,0,0,1199858,8561,436898,2760,0,0,1445,2953,0,0,0,1850,643094,1.1012,0.0242,101.6367,3.9985,0,118465,63.8895,97883,173306,0.0322,100340,42404276
New York,2025-05-26,1007,10909,0,0,1213779,7654,495178,3512,0,0,1432,3026,0,0,0,2178,635017,1.1054,0.026,101.4745,3.9951,0,118433,64.9192,99280,175370,0.0303,96115,41829061
New York,2025-06-02,911,10022,0,0,1186326,6936,552473,4540,0,0,1388,3051,0,0,0,0,645666,1.1068,0.0109,101.2987,4.0314,0,120493,63.7975,101977,171655,0.0302,90163,42359143
New York,2025-06-09,304,0,0,0,932195,5954,695720,4772,0,0,1295,3284,0,0,0,0,594933,1.1051,0.0117,101.5405,4.0244,0,120563,63.0137,101264,171455,0.0254,88442,38833042
New York,2025-06-16,87,0,0,0,947675,6257,908420,6287,0,0,1372,3324,0,0,0,0,596491,1.1004,0.0141,101.2802,3.9462,0,122378,63.1283,98392,162857,0.0258,88293,38328813
New York,2025-06-23,0,0,0,0,838175,5124,1026972,6983,0,0,1619,3907,0,0,0,0,585608,1.0927,0.0137,101.3251,4.0621,0,122765,62.4708,99014,171100,0.0193,89406,38180313
New York,2025-06-30,0,0,0,0,760316,4795,1271444,7878,0,0,1485,3489,0,0,0,0,592284,1.0823,0.0131,101.1826,4.0476,0,122989,62.7333,99302,174031,0.0237,86259,38184218
New York,2025-07-07,0,0,46723,2801,199750,0,1069145,7318,0,0,1369,3444,0,0,0,0,565107,1.0696,0.01,101.3213,4.1734,1,114821,62.3476,100556,159557,0.0242,85254,36423725
New York,2025-07-14,0,0,77271,3663,64739,0,1121802,7389,0,0,1493,3350,0,0,0,0,561225,1.055,0.0228,101.4161,4.1673,0,111660,62.3396,97378,159339,0.0438,82674,36029374
New York,2025-07-21,0,0,91021,3810,0,0,356697,0,0,0,1214,2933,0,0,0,0,524918,1.0391,0.0295,101.058,4.1492,0,112603,62.4299,97943,167788,0.0671,82853,33888170
New York,2025-07-28,0,0,93191,4400,0,0,111842,0,519222,7061,1252,2935,0,0,0,0,510943,1.0224,0.0544,101.3092,4.1247,0,112402,61.3443,98373,168134,0.0996,74332,33209341
New York,2025-08-04,0,0,139326,6144,0,0,0,0,791590,7891,1146,2628,0,0,0,0,529995,1.0055,0.0494,101.4095,4.198,0,111050,62.6484,101708,156184,0.1008,74266,34233059
New York,2025-08-11,0,0,177765,7502,0,0,0,0,868834,8095,1239,2801,0,0,0,0,515263,0.9892,0.0453,101.4934,4.1626,0,110073,61.3555,96283,154309,0.0958,76478,33080928
New York,2025-08-18,0,0,162917,6871,0,0,0,0,960579,8310,1067,2595,0,0,0,0,484643,0.9738,0.0222,101.1387,4.147,0,114664,60.3159,93655,160743,0.0543,78070,31492728
New York,2025-08-25,0,0,172786,6591,0,0,0,0,986995,8709,1068,2453,376912,1924,0,0,494682,0.96,0.0097,101.7715,4.2714,0,111925,62.5098,99579,162861,0.035,73155,31504980
New York,2025-09-01,0,0,167608,6598,0,0,0,0,827574,8056,1093,2733,456546,2183,0,0,487651,0.9481,0.0093,101.5114,4.2835,0,113351,58.5592,95989,165564,0.0248,72533,31828050
New York,2025-09-08,0,0,159474,6610,478345,4276,0,0,858137,7529,1325,2881,525409,2009,0,0,475639,0.9384,0.0097,101.6856,4.3823,0,110995,61.0579,102526,169403,0.0187,69548,31085956
New York,2025-09-15,0,0,149983,6104,526952,4369,0,0,942599,8516,1713,3900,436225,1756,4089,0,496100,0.9312,0.0129,101.2248,4.3086,0,109701,60.2414,96162,171025,0.028,72545,32490092
New York,2025-09-22,0,0,130776,5425,671801,5063,0,0,766500,6237,1596,3603,440100,2001,4222,0,527382,0.9266,0.0007,101.2808,4.3665,0,116292,61.6671,95189,172210,0.0129,72855,34354932
New York,2025-09-29,0,0,39562,0,738565,4883,0,0,775370,7312,1858,4190,634258,2858,3724,0,511768,0.9246,0.0144,101.4715,4.3078,0,114318,59.9478,94408,168474,0.0139,74534,33720419
New York,2025-10-06,521,9049,12482,0,670425,4520,0,0,251412,0,2067,4209,669637,2586,4254,0,516000,0.9258,0.0031,101.8936,4.4027,0,116321,60.3509,94265,169025,0.0109,77604,33764631
New York,2025-10-13,869,11154,0,0,876765,6394,504472,4275,93383,0,2066,3833,634732,2816,4779,0,524773,0.9308,0.0112,101.753,4.377,0,111237,60.8014,98838,170418,0.0186,76084,34539540
New York,2025-10-20,1126,12461,0,0,784159,5798,485361,3292,0,0,1878,3786,728616,3064,4765,0,560287,0.9415,0.0248,102.0424,4.3938,0,114927,62.0186,96018,165964,0.0276,74836,37210887
New York,2025-10-27,1185,13122,0,0,1030366,6954,497636,3043,0,0,1780,3579,736814,3012,4529,0,568605,0.9602,0.0057,101.9177,4.3652,0,112829,62.0327,92853,170399,0.0269,75022,37418837
New York,2025-11-03,1306,13837,0,0,1042522,7879,566341,4137,0,0,1772,3662,206382,0,4445,0,589674,0.9891,0.0412,102.301,4.3131,0,112791,60.5683,95041,173111,0.06,78861,38782370
New York,2025-11-10,1333,14463,0,0,1258453,9108,525863,3365,0,0,1835,4125,65460,0,4384,1721,595180,1.0278,0.0609,102.2704,4.3177,0,113195,60.9416,93966,183333,0.0971,80263,39487861
New York,2025-11-17,1273,13441,0,0,1491638,9240,555134,3776,0,0,2142,4343,0,0,4493,1718,660107,1.072,0.0837,102.7892,4.3625,0,113446,61.4634,96040,194960,0.1537,81896,43791010
New York,2025-11-24,1247,11803,0,0,1344946,8681,579544,3481,0,0,1766,3855,0,0,4882,1899,709064,1.1125,0.0936,102.3397,4.3083,1,116938,61.2256,101361,198637,0.1607,82601,46960689
New York,2025-12-01,982,12019,0,0,1196486,7729,566703,3877,0,0,1860,4370,0,0,4877,1821,730074,1.1383,0.0925,102.3221,4.2174,1,113693,63.2797,106525,197224,0.1439,91383,48411976
New York,2025-12-08,974,10685,0,0,1138075,6640,572655,3942,0,0,2430,5171,0,0,4833,1743,712477,1.142,0.0709,102.3621,4.3164,1,115567,63.0013,102776,184490,0.1064,87597,47289097
New York,2025-12-15,326,0,0,0,1061050,7790,636085,4533,0,0,2278,5342,0,0,4708,0,677492,1.1235,0.0337,102.7212,4.308,1,123905,62.0157,99882,186845,0.0654,87217,45458142
New York,2025-12-22,92,0,0,0,1153124,7431,784296,5010,0,0,2130,5230,0,0,4889,0,590300,1.0901,0.0458,103.037,4.2468,1,125485,62.0009,100371,179368,0.0351,83995,39278878
New York,2025-12-29,0,0,0,0,1173681,7952,809509,5080,0,0,2403,6173,0,0,4596,0,572833,1.0525,0.0286,102.8172,4.2137,1,124615,64.4873,102679,179495,0.0292,86788,38591446
Texas,2024-01-01,0,0,0,0,737170,7148,0,0,0,0,1357,4319,0,0,0,0,322266,0.9565,0.0253,100.4923,4.2003,0,112761,63.8996,86138,154576,0.0335,71909,21618724
Texas,2024-01-08,0,0,0,0,1053187,7814,0,0,0,0,1561,3897,0,0,0,0,342776,0.9612,0.0139,100.4084,4.2619,0,112101,64.7805,83727,158085,0.0358,67448,22896473
Texas,2024-01-15,0,0,0,0,1110773,7666,0,0,0,0,1846,4256,0,0,0,0,344419,0.9649,0.0207,100.9918,4.1605,0,116122,63.1435,82165,162129,0.0445,67301,23074095
Texas,2024-01-22,0,0,0,0,1150069,7539,0,0,0,0,1847,4378,0,0,0,0,350146,0.9676,0.0162,100.7845,4.1643,0,118784,63.544,84519,161564,0.0435,63603,23671522
Texas,2024-01-29,0,0,0,0,1271800,9434,0,0,0,0,1990,4887,583822,3476,0,0,367407,0.9693,0.0258,100.7554,4.0968,0,120642,64.385,81564,151041,0.0269,65121,24722369
Texas,2024-02-05,0,0,0,0,1411889,10531,644336,6177,0,0,1806,4597,800970,3425,0,0,401286,0.9702,0.016,100.9269,4.1097,0,115813,67.079,78899,149298,0.0275,65008,26871200
Texas,2024-02-12,432,7714,0,0,1305393,8658,870532,6469,0,0,1857,4519,772173,3443,0,0,436010,0.9708,0.0207,100.8498,4.0882,0,114877,64.8114,82112,148470,0.0369,65988,29312551
Texas,2024-02-19,797,9677,0,0,1171366,7229,871112,5418,0,0,1774,3966,797711,3313,0,0,448927,0.9716,0.0179,100.4803,3.9975,0,113122,66.9903,82616,144504,0.0384,64425,29978599
Texas,2024-02-26,892,9939,0,0,890093,6760,898220,5838,0,0,1751,4181,647631,2577,0,0,457194,0.974,0.0122,100.6669,4.0601,0,114108,65.725,84196,149871,0.0447,64618,30839212
Texas,2024-03-04,908,10431,55661,3351,943166,6341,921769,5512,0,0,1839,4329,539168,1951,0,0,473715,0.9792,0.023,100.9509,3.9948,0,113151,65.8778,85718,149126,0.0386,65751,31879246
Texas,2024-03-11,951,10498,68514,3138,876968,6109,909996,5769,0,0,1938,4673,428062,1939,0,0,483698,0.9882,0.0159,100.6378,3.9239,0,111087,65.0312,84577,146685,0.0556,66633,32274121
Texas,2024-03-18,902,9310,68541,2254,808154,5154,850416,5058,0,0,2106,4992,447616,1778,0,0,497410,1.0003,0.0336,100.6872,3.9385,0,112506,66.4953,84406,153338,0.0733,67233,33280967
Texas,2024-03-25,739,7792,62321,2813,777565,5854,872687,5329,0,0,2229,4238,127135,0,0,0,489859,1.0132,0.0445,100.8862,3.9865,0,112464,64.717,81961,149319,0.0875,67634,32747920
Texas,2024-04-01,237,0,68824,3030,758502,5075,789211,5275,0,0,2002,4538,35559,0,0,1676,501532,1.0234,0.0503,101.0875,3.9489,0,114595,65.3039,86025,151354,0.1326,72635,33580688
Texas,2024-04-08,71,0,109744,4187,905877,6013,649533,3843,0,0,2246,4857,0,0,4745,1890,556699,1.0289,0.0643,100.5345,3.8467,0,113018,64.8472,88026,161786,0.1335,70032,36667239
Texas,2024-04-15,0,0,100907,4661,812756,5357,632038,3760,0,0,2300,4549,0,0,4187,1831,547208,1.0305,0.0483,100.5478,3.999,0,114964,65.3331,83993,165579,0.1262,69867,36501166
Texas,2024-04-22,0,0,132179,6398,859793,5364,558738,3518,0,0,1880,3854,0,0,4160,0,552060,1.0315,0.0359,100.6909,4.0238,0,116112,65.0675,86796,160101,0.0897,69767,36256377
Texas,2024-04-29,0,0,133310,5566,706242,4517,151516,0,0,0,1769,3342,0,0,3605,0,505664,1.0358,0.0089,100.546,3.9908,0,117452,64.6223,86699,156315,0.0621,69927,33437521
Texas,2024-05-06,0,0,151266,6048,647304,4468,53937,0,806461,10065,1494,2991,0,0,3737,0,513297,1.0455,0.0186,100.4341,3.9025,0,116087,65.234,86365,156974,0.037,74556,33868051
Texas,2024-05-13,0,0,144772,6433,651599,4076,0,0,994294,9719,1644,3439,0,0,3858,0,555250,1.0608,0.0177,100.4575,3.8757,0,115546,64.8383,84998,162272,0.0427,72474,36237693
Texas,2024-05-20,534,8404,44922,0,521814,3354,0,0,1015997,8937,1479,3384,0,0,3469,0,549727,1.0804,0.0082,100.3915,4.002,0,111003,65.269,89029,164851,0.0306,73136,36445335
Texas,2024-05-27,871,10148,16713,0,540780,3449,0,0,904445,7453,1703,3371,0,0,2982,0,564792,1.102,0.0206,100.4472,3.9585,0,105374,62.5828,89336,163466,0.0304,75224,36943999
Texas,2024-06-03,923,12326,0,0,156651,0,0,0,1019432,9249,1356,3054,0,0,2890,0,558983,1.1235,0.0078,99.9782,3.9812,0,105547,64.1569,91994,172056,0.0203,75287,36586511
Texas,2024-06-10,1038,13243,0,0,43548,0,0,0,1018303,8223,1278,2747,0,0,3301,0,561559,1.1426,0.0205,100.2561,4.038,0,106563,62.79,91846,162280,0.0356,77412,36686652
Texas,2024-06-17,1166,14253,0,0,0,0,0,0,816958,6716,1305,2915,0,0,3268,0,554766,1.1573,0.023,100.2418,4.0076,0,102358,62.771,91844,163990,0.0639,85037,35925417
Texas,2024-06-24,1049,11903,0,0,0,0,0,0,779398,7212,1131,2759,0,0,3270,1405,588123,1.1662,0.0327,100.0944,4.0868,0,103126,61.2626,90610,161363,0.0849,86690,38309646
Texas,2024-07-01,1003,11221,0,0,0,0,0,0,721349,5713,1194,2980,0,0,3816,1573,596784,1.1684,0.0488,100.1176,4.1097,1,104864,62.1828,94263,161176,0.0853,86282,38732981
Texas,2024-07-08,965,9386,0,0,0,0,0,0,229666,0,1226,2967,0,0,3731,1298,622276,1.1642,0.0318,100.0632,4.0958,1,103098,61.5447,97618,154054,0.0777,89619,40418803
Texas,2024-07-15,277,0,0,0,0,0,0,0,74960,0,1244,3354,390044,2498,0,0,581843,1.1542,0.032,99.8826,4.0764,0,105018,61.3419,99134,156206,0.0595,89283,37852634
Texas,2024-07-22,88,0,0,0,0,0,0,0,0,0,1224,2899,568270,2580,0,0,526397,1.1398,0.0221,100.2266,4.1977,0,107816,60.5586,96788,160939,0.0417,95600,34121487
Texas,2024-07-29,0,0,0,0,521641,5591,0,0,0,0,1146,2671,585845,2580,0,0,533151,1.1225,0.0024,100.2408,4.1521,0,105603,61.9949,96112,159605,0.0256,92404,34594453
Texas,2024-08-05,0,0,0,0,813074,6399,0,0,0,0,953,2153,522667,2204,0,0,515990,1.1034,0,100.2472,4.1494,0,104815,60.0935,96288,159183,0.0117,92948,33316039
Texas,2024-08-12,0,0,0,0,979561,7082,0,0,0,0,901,1924,446768,1822,0,0,499880,1.0837,0.0174,99.9645,4.2271,0,104951,60.515,95623,157090,0.0115,90350,32366326
Texas,2024-08-19,0,0,0,0,1063370,7322,669129,5859,0,0,875,1919,447643,1956,0,0,492342,1.0638,0.0078,99.9631,4.2988,0,103251,62.0202,92179,154692,0.0211,87843,32007637
Texas,2024-08-26,0,0,0,0,941930,6687,757162,5134,0,0,948,2237,523467,2372,0,0,506345,1.0443,0.0163,100.3209,4.3011,0,104543,61.7893,88957,156030,0.0229,84042,32632943
Texas,2024-09-02,0,0,0,0,880734,5773,963090,5926,0,0,1183,2744,528616,2470,0,0,497498,1.0253,0,99.866,4.3149,0,102818,60.3939,86040,154571,0.0057,83267,32016192
Texas,2024-09-09,0,0,124296,6899,1193905,7682,817572,4722,0,0,1392,3435,631148,2635,0,0,489947,1.0073,0.0014,100.4154,4.3546,0,103996,60.6571,86849,151307,0.0142,84299,32037146
Texas,2024-09-16,0,0,150592,6707,1025761,7004,796330,5069,0,0,1436,3562,672344,2931,0,0,493343,0.9908,0.0076,100.2513,4.2937,0,104091,61.3021,83288,150628,0.0229,83616,32353713
Texas,2024-09-23,0,0,156289,6381,1073750,6906,733658,4688,0,0,1734,3573,203299,0,0,0,489173,0.9768,0.001,100.3816,4.2866,0,104768,60.849,83914,153346,0.0175,79673,32128823
Texas,2024-09-30,0,0,135850,4875,1096103,6736,832017,5530,0,0,1782,3858,64456,0,0,0,448503,0.9671,0.0015,100.5336,4.3557,0,105281,62.0983,81901,156633,0.0119,80335,29493893
Texas,2024-10-07,0,0,111419,5037,1135575,8443,682170,3757,666438,8950,1802,4026,0,0,0,0,486171,0.9642,0,101.045,4.2232,0,104603,61.6486,83281,158379,0.0165,74032,31373628
Texas,2024-10-14,0,0,117149,4850,1141622,7835,628494,3544,894870,9200,1846,3720,0,0,0,0,489500,0.9709,0,100.6112,4.3542,0,106419,61.6852,84081,157180,0.0151,71674,32005565
Texas,2024-10-21,0,0,103516,4240,1060817,6828,544282,3241,1075107,9730,1534,3416,0,0,0,0,485852,0.9888,0.0148,100.5105,4.38,0,104790,62.7079,85042,156334,0.0217,73083,31819527
Texas,2024-10-28,0,0,95740,3633,995418,7000,505286,3315,921860,7808,1572,3020,0,0,0,0,474428,1.0165,0,100.7313,4.346,0,106574,61.8891,88936,158116,0.0123,70196,31318100
Texas,2024-11-04,0,0,85350,3274,806586,5459,623751,4039,904342,8345,1631,3260,0,0,0,0,505922,1.048,0.0324,101.0506,4.3498,0,112449,62.8708,93542,154639,0.032,75649,33559675
Texas,2024-11-11,0,0,79464,3448,825660,5118,187709,0,810914,7577,1493,3368,0,0,0,0,499399,1.0741,0.0259,100.9271,4.4185,0,115749,62.8275,97004,151633,0.025,78197,33371689
Texas,2024-11-18,0,0,90806,3792,732723,5131,60555,0,977416,8340,1607,3545,0,0,0,0,498794,1.0859,0.0493,101.3302,4.3555,0,114664,62.2359,94142,153329,0.0612,81025,32924936
Texas,2024-11-25,589,9237,25407,0,678676,4815,0,0,864730,6923,1873,3895,0,0,0,0,550507,1.0795,0.0573,101.1267,4.3279,1,120239,63.4806,91227,153999,0.1018,77537,36645274
Texas,2024-12-02,961,13199,9219,0,644411,4285,0,0,868729,6934,1972,4315,0,0,0,0,534415,1.0581,0.0792,101.2183,4.2045,1,122141,62.7689,90087,164120,0.1385,70254,35909510
Texas,2024-12-09,1002,12793,0,0,524723,3540,0,0,234293,0,1934,4224,0,0,0,0,505186,1.0297,0.0853,101.3573,4.337,1,120451,62.1711,86604,159907,0.1597,68353,33868652
Texas,2024-12-16,1073,11393,0,0,531280,3138,0,0,87368,0,2017,4668,0,0,0,1355,481335,1.0031,0.0696,101.3624,4.2806,1,122756,64.4628,87031,158756,0.1247,64624,32193930
Texas,2024-12-23,1187,13229,0,0,518409,3557,0,0,0,0,1944,4541,0,0,3186,1211,481858,0.9837,0.0658,101.451,4.2107,1,120532,62.8843,85225,152240,0.1084,66111,32275222
Texas,2024-12-30,1084,11067,0,0,453090,3452,0,0,0,0,2084,5294,0,0,3072,1443,475752,0.9726,0.0515,101.7324,4.2933,1,116466,64.6631,87893,148430,0.0647,65623,31876127
Texas,2025-01-06,967,10456,0,0,570256,3504,0,0,0,0,2127,5212,0,0,3114,0,480073,0.9682,0.0251,101.9422,4.1189,0,115315,65.2855,86825,150555,0.0303,65258,32100724
Texas,2025-01-13,838,8705,0,0,440895,2848,0,0,0,0,2184,5067,0,0,3240,0,443861,0.9676,0.0204,101.6969,4.1985,0,116035,65.9613,84443,155990,0.0481,64033,29704031
Texas,2025-01-20,290,0,0,0,517563,3212,0,0,0,0,2181,5411,0,0,3217,0,445718,0.9685,0.0228,102.0172,4.1654,0,117557,63.8419,86386,162880,0.034,66994,29797151
Texas,2025-01-27,82,0,0,0,125194,0,0,0,0,0,2091,5154,0,0,3255,0,429455,0.9695,0.0107,102.2029,4.0878,0,117174,65.0931,85349,157624,0.0362,68315,28850867
Texas,2025-02-03,0,0,0,0,47556,0,0,0,0,0,2172,5144,0,0,3738,0,415665,0.9701,0.0118,101.7666,4.0931,0,119885,64.363,87728,150134,0.0304,67708,28073486
Texas,2025-02-10,0,0,0,0,0,0,0,0,0,0,1965,4641,0,0,3644,0,424300,0.9702,0.0151,102.076,4.112,0,118673,65.1716,89103,151745,0.0441,66759,28506897
Texas,2025-02-17,0,0,0,0,0,0,0,0,0,0,2114,5005,654113,3822,3718,0,430354,0.9698,0.0335,101.8309,4.0991,0,116752,63.4174,86561,154378,0.061,65974,28884803
Texas,2025-02-24,0,0,0,0,0,0,0,0,0,0,2123,4614,944332,4298,4089,0,442466,0.9694,0.0429,102.3433,4.0783,0,116793,66.0892,84751,155208,0.0782,70908,29433400
Texas,2025-03-03,0,0,0,0,0,0,0,0,0,0,2049,4797,1021697,4237,3952,0,427171,0.9692,0.0463,102.2827,4.0252,0,119835,64.4656,84744,156213,0.1041,71872,28619945
Texas,2025-03-10,0,0,0,0,0,0,0,0,0,0,2075,4561,1014156,4206,0,0,436499,0.9696,0.0506,101.4589,3.9845,0,116489,65.5997,87715,151164,0.1151,69445,29220850
Texas,2025-03-17,0,0,0,0,627335,6134,0,0,754645,9262,2482,4947,820557,3175,0,0,455437,0.9711,0.0481,101.9813,3.9025,0,116653,64.1535,88581,155764,0.1069,73029,30399717
Texas,2025-03-24,0,0,0,0,913286,7574,0,0,1030791,9303,1907,4305,732150,2931,0,0,479465,0.9738,0.0378,101.8459,3.962,0,113904,64.8846,87904,154026,0.09,79400,31798819
Texas,2025-03-31,0,0,0,0,1088190,7930,0,0,833641,7551,2145,4795,622728,2662,0,0,482232,0.978,0.0269,102.2337,3.9396,0,109598,66.0785,87373,144513,0.0565,80608,32160811
Texas,2025-04-07,527,8521,0,0,997762,6881,0,0,744627,6076,2368,5001,611821,2638,0,0,492116,0.984,0.013,101.787,3.9113,0,107145,64.1369,88301,148811,0.0361,83158,32550584
Texas,2025-04-14,826,10049,0,0,988586,6692,0,0,745473,5844,2069,4247,561923,2207,0,0,507652,0.9916,0.019,101.4916,3.9602,0,111341,64.644,86800,152008,0.0283,76508,33545679
Texas,2025-04-21,1106,12366,0,0,892594,6349,0,0,601875,4672,1967,3778,551132,2047,0,0,512926,1.0009,0.0135,101.7622,3.9049,0,111097,63.4542,90473,156265,0.0328,76664,33754859
Texas,2025-04-28,1186,12347,0,0,1147239,7972,0,0,525967,4774,2073,3922,145358,0,0,0,513286,1.0116,0.007,101.8789,3.937,0,112830,66.186,93563,149569,0.0396,81842,33895409
Texas,2025-05-05,1208,13071,0,0,1205329,8120,0,0,176954,0,1745,3789,43609,0,0,1534,523064,1.0235,0.0082,101.825,3.9336,0,114960,63.8529,96017,146612,0.0238,83549,34292451
Texas,2025-05-12,1081,11554,0,0,1127478,7701,362440,3313,63910,0,1643,3119,0,0,0,1906,559717,1.0363,0.0095,101.5582,3.8679,0,113298,63.5951,92312,143879,0.0217,81980,36664899
Texas,2025-05-19,987,9731,0,0,1038318,7194,455912,3411,0,0,1646,3294,0,0,0,2060,559756,1.0493,0.013,101.4627,3.9532,0,113858,62.6203,96446,149610,0.0291,87273,36923767
Texas,2025-05-26,810,9156,0,0,1225197,8029,536199,3716,0,0,1484,3270,0,0,0,0,561117,1.0622,0.0076,101.6932,3.9728,0,111964,63.8066,90870,155461,0.0171,83753,36985264
Texas,2025-06-02,267,0,0,0,1251424,8586,589697,3886,0,0,1452,3361,0,0,0,0,530833,1.0743,0.0049,101.929,4.0111,0,113945,62.0158,89012,155624,0.0291,84058,34832907
Texas,2025-06-09,82,0,0,0,1133892,7034,719543,4307,0,0,1497,3146,0,0,0,0,514223,1.0852,0.0189,101.4902,4.01,0,109748,63.4035,92350,157975,0.0294,84172,33556255
Texas,2025-06-16,0,0,0,0,1003542,6447,809779,5027,0,0,1415,3434,0,0,0,0,540295,1.0943,0.0132,101.4793,3.981,0,108995,62.4138,91331,157772,0.0205,84759,34718889
Texas,2025-06-23,0,0,0,0,845980,5581,1105599,7028,0,0,1447,3347,0,0,0,0,529126,1.1012,0.0056,101.8112,4.0994,0,110779,62.0648,92045,161958,0.0193,79189,34507750
Texas,2025-06-30,0,0,0,0,687125,4840,1171604,7229,0,0,1474,3513,0,0,0,0,553270,1.1054,0.011,101.368,4.0377,0,107104,62.8305,95236,167942,0.0262,85049,35671687
Texas,2025-07-07,0,0,0,0,189391,0,1264208,8881,0,0,1232,2930,0,0,0,0,523354,1.1068,0.017,101.6725,4.0581,1,110037,61.7086,95658,168521,0.0266,79004,33724165
Texas,2025-07-14,0,0,57200,3094,68611,0,1331344,8585,0,0,1275,3047,0,0,0,0,529236,1.1051,0,101.4763,4.1551,0,106632,61.0279,95010,170188,0.0147,78437,34003417
Texas,2025-07-21,0,0,75579,3623,0,0,1170684,6611,492013,7022,1310,3433,0,0,0,0,530732,1.1004,0.0149,101.05,4.1083,0,105599,61.3347,95706,161211,0.0306,83187,34281432
Texas,2025-07-28,0,0,101765,4355,0,0,314935,0,773072,7644,1309,2979,0,0,0,0,541859,1.0927,0.0251,101.1498,4.1834,0,105865,62.2874,95809,170253,0.055,74687,35255672
Texas,2025-08-04,0,0,100122,3857,0,0,97328,0,1006778,8582,1107,2782,0,0,0,0,534552,1.0823,0.043,101.2675,4.1198,0,101691,61.0169,95386,154585,0.095,76334,34535327
Texas,2025-08-11,0,0,97957,4427,0,0,0,0,917582,8135,1117,2477,0,0,0,0,500829,1.0696,0.0416,101.4064,4.2008,0,102500,61.8175,91873,154042,0.0994,76089,32158482
Texas,2025-08-18,0,0,115819,4777,0,0,0,0,1014693,8041,905,2165,388341,2443,0,0,488623,1.055,0.0293,101.3877,4.2813,0,100457,59.689,88691,152280,0.0852,74229,31743341
Texas,2025-08-25,0,0,124116,5798,0,0,0,0,930824,9171,1048,2420,414687,1928,0,0,496483,1.0391,0.0297,101.0793,4.3014,0,104105,59.8719,85403,160870,0.0744,70608,31597120
Texas,2025-09-01,0,0,141053,6249,0,0,0,0,1133481,9212,992,2409,466268,1794,0,0,478015,1.0225,0.0165,101.805,4.2542,0,103576,61.6244,82872,153853,0.0322,68605,31191126
Texas,2025-09-08,0,0,158100,6419,463834,4516,0,0,937371,7826,1131,2505,390336,1777,0,0,467341,1.0058,0.0226,101.2105,4.3193,0,105282,62.0408,81707,152708,0.0155,69295,30529610
Texas,2025-09-15,0,0,142048,5872,577382,4638,0,0,703328,6617,1299,3116,379358,1440,0,0,479745,0.9902,0.0062,101.2447,4.3189,0,108311,61.8398,84024,145637,0.016,70398,31426512
Texas,2025-09-22,0,0,139360,5803,752756,5242,0,0,671760,5593,1559,3543,323016,1373,4189,0,486258,0.9768,0.0093,101.5531,4.368,0,106605,59.6788,86091,141622,0.0116,69351,31666414
Texas,2025-09-29,0,0,117531,4848,815523,5116,0,0,214694,0,1692,3760,380054,1619,4178,0,491566,0.9679,0.0109,101.6977,4.3993,0,110546,60.5067,84844,148914,0.003,72526,32393306
Texas,2025-10-06,0,0,36322,0,979602,6252,401141,3569,64907,0,1794,3502,477942,2207,4124,0,479426,0.9662,0,101.8924,4.3455,0,110960,59.9696,87497,157298,0.0125,71150,31374829
Texas,2025-10-13,523,8970,11728,0,948076,6700,549882,3776,0,0,1737,3525,521671,2381,4436,0,504060,0.975,0.0028,102.091,4.3423,0,112127,60.5146,88973,154529,0.0183,70831,33186054
Texas,2025-10-20,742,9494,0,0,1081829,7535,552732,3508,0,0,1781,3385,579128,2624,4755,0,537002,0.996,0.0066,102.056,4.3838,0,105789,62.3857,85910,147478,0.0231,71054,35687205
Texas,2025-10-27,942,10576,0,0,1089219,7654,541281,3004,0,0,1583,3419,170892,0,4800,0,559970,1.0278,0.0201,101.9001,4.378,0,108894,60.7349,93062,156911,0.0149,68964,36831998
Texas,2025-11-03,976,11117,0,0,1263512,8519,504850,3372,0,0,1654,3385,59336,0,4700,0,564717,1.0635,0.0422,102.3455,4.3978,0,106497,61.3286,94144,163405,0.0565,75422,37139672
Texas,2025-11-10,1021,12353,0,0,1316702,9382,439582,3076,0,0,1639,3379,0,0,5031,1802,575537,1.0929,0.0673,102.2564,4.2935,0,109628,62.0221,95197,165891,0.0999,76199,38176094
Texas,2025-11-17,1143,12327,0,0,1401210,9065,507298,2892,0,0,1782,3511,0,0,4519,1722,628525,1.1059,0.0856,102.3289,4.2357,0,109677,61.1049,92954,158347,0.1429,76334,41693132
Texas,2025-11-24,1055,11122,0,0,1302825,8821,542591,3315,0,0,1648,3842,0,0,4685,1922,640299,1.0983,0.0909,102.5695,4.3693,1,109264,64.4696,90949,156245,0.1716,71080,42410475
Texas,2025-12-01,940,9892,0,0,1334992,8513,505115,3264,0,0,1847,4424,0,0,5075,1768,629461,1.0736,0.0859,102.6006,4.3197,1,105321,63.5307,91540,155443,0.1445,74036,41749780
Texas,2025-12-08,849,8461,0,0,1189891,8661,565584,3577,0,0,1992,4303,0,0,4553,1866,593587,1.041,0.0697,102.5353,4.3702,1,106569,64.3409,90656,159683,0.1097,73507,39399724
Texas,2025-12-15,260,0,0,0,1146950,7812,544768,3548,0,0,1845,4257,0,0,3565,0,557779,1.0103,0.0437,102.8288,4.2053,1,106168,64.0162,89066,154243,0.0598,73508,37412768
Texas,2025-12-22,73,0,0,0,1067222,7154,577421,3948,0,0,1693,4187,0,0,3474,0,478318,0.9877,0.032,102.8653,4.3738,1,106418,64.0369,88338,149833,0.0419,76233,31842682
Texas,2025-12-29,0,0,0,0,1077394,7194,579102,3893,0,0,1674,4109,0,0,3068,0,474336,0.9747,0.0368,102.6936,4.2076,1,104731,64.2546,86271,159113,0.022,79448,31946722
